번호,발전기명,설비용량(MW),광역지역,세부지역
6265,결실 태양광발전소,0.29376,강원,강원 강릉시 성산면
56016,디에스태양광5호,0.97236,강원,강원 철원군 갈말읍
28271,삼영고성태양광,0.3,강원,강원 고성군 토성면
2191,자혜태양광,0.99495,강원,강원 양구군 해안면
4202,SKY 태양광,0.29784,강원,강원 강릉시 강동면
56207,자등2태양광발전소,0.49896,강원,강원 철원군 서면
56155,SW1 태양광 발전기,2.29383,강원,강원 홍천군 내면
56110,삼척장전태양광,0.45288,강원,강원 삼척시 하장면
62635,태두 태양광,0.09864,강원,강원도 인제군 인제읍
26516,북산태양광발전소,0.096,강원,강원도 춘천시 북산면
56221,사곡태양광,1.643,강원,강원 철원군 근남면
41018,강릉제일솔라3호,0.4896,강원,강원 강릉시 사천면
4609,태백6호태양광발전소,0.8532,강원,강원 태백시 통동
33505,소매곡리태양광,0.343,강원,강원 홍천군 북방면
56069,민결 태양광발전소,0.91324,강원,강원도 원주시 호저면
7529,공산쏠라2 태양광,0.999,강원,강원 원주시 소초면
4621,리치1호 태양광발전,1.50732,강원,강원 정선군 신동읍
3309,북평태양광,2.9952,강원,강원 동해시 구호동
1378,미래태양광,3.00294,강원,강원 춘천시 퇴계농공로
68064,춘천정비부대태양광#1,0.501,강원,강원 춘천시 신동면
64773,피브이플랜트5호,0.89872,강원,강원 횡성군 갑천면
1456,제1야수교태양광,2.349,강원,강원 홍천군 동면
1460,내린천4태양광,2.08512,강원,강원 홍천군 내면
68062,춘천정비부대태양광#2,0.418,강원,강원 춘천시 신동면
8320,광진쏠라4호태양광,2.4947,강원,강원 횡성군 서원면
1293,디에스태양광3호,0.97236,강원,강원 철원군 갈말읍
56384,청명5호태양광,2.74752,강원,강원 원주시 소초면
56329,정선솔라팜태양광,2.0001,강원,강원 정선군 영량면
35134,관대리습지형수상태양광,0.1113,강원,강원 인제군 남면
28465,삼척태양광,2.2032,강원,강원 삼척시 근덕면
328,(유)선그린태백5호,0.8532,강원,강원도 태백시 통동
56310,이에쓰태양광,1.423,강원,강원 고성군 거진읍
55174,문막포진리태양광발전소,1.50453,강원,강원 원주시 문막읍
4601,간성흘리찰리태양광,0.99864,강원,강원 고성군 간성읍
1407,백광영월신재생,0.998,강원,강원 영월군 문곡리
64673,고성태양광발전소,0.99,강원,강원 고성군 토성면
38687,씨그마렌텍2영월태양광,1.76679,강원,강원 영월군 남면
64778,피브이플랜트8호,0.89872,강원,강원 횡성군 갑천면
2318,준규솔라태양광,3.00352,강원,강원 홍천군 내면
35108,황지태양광,0.048,강원,강원 태백시
55972,관동대 태양광발전소,1.963125,강원,강원 강릉시 내곡동
21395,원주그린솔라태양광,2.46375,강원,강원 원주시 부론면
4600,간성흘리에코태양광,0.98892,강원,강원 고성군 간성읍
28175,삼성솔라ENS,2.002,강원,강원 강릉시 강동면
4627,현대인구리태양광발전소,2.0169,강원,강원 양양군 현남면
58224,지혜2호 태양광발전소,0.99792,강원,강원도 정선군 사북읍
12485,삼척소내태양광#4,2.5992,강원,강원 삼척시 원덕읍
29293,중봉SG태양광,0.994175,강원,강원 삼척시 하장면
56243,준서 태양광,0.9792,강원,강원 홍천군 북방면
4083,SD에너지태양광,1.4994,강원,강원 인제군 인제읍
28461,삼척GES태양광,0.9982,강원,강원 삼척시 근덕면
1524,삼호태양광발전,2.001,강원,강원 삼척시 원덕읍
4628,내린천3태양광,2.50074,강원,강원 홍천군 내면
56428,태양 태양광발전소,2.20095,강원,강원 강릉시 왕산면
58223,지혜1호 태양광발전소,0.99792,강원,강원도 정선군 사북읍
55993,대한에너지3호,0.99792,강원,강원 태백시 원동
12473,삼척소내태양광#3,2.00232,강원,강원 삼척시 원덕읍
56101,사북하늘2호 태양광발전소,0.99792,강원,강원도 정선군 사북읍
31483,섬진2호태양광,0.4788,강원,강원 평창군 평창읍
1379,미래영월태양광,0.998,강원,강원 영월군 문곡리
47489,원희태양광,0.4788,강원,강원 평창군 평창읍
45883,용화에너지 태양광발전기,0.868,강원,강원 영월군
17811,동강태양광,0.099,강원,강원 영월군 주천면
38688,씨그마렌텍3원주태양광,2.38734,강원,강원 원주시 호저면
4698,태백4호,0.9408,강원,강원도 태백시 통동
21124,철원3태양광,1.37376,강원,강원 철원군 갈말읍
12476,영월 철도부지 태양광,1.1907,강원,강원 영월군 영월읍
42426,영동에너지태양광,0.0992,강원,강원 횡성군 서원면
12782,남전인제태양광,0.3,강원,강원 인제군 남면
12480,삼척소내태양광#2,0.99045,강원,강원 삼척시 원덕읍
56113,서강3호 태양광,0.49932,강원,강원 강릉시 강동면
56438,테라에너지제이호태양광,0.99792,강원,강원 태백시 원동
27755,간촌리 지선 태양광,1.65564,강원,강원 고성군 거진읍
1203,덕원영월태양광,0.998,강원,강원 영월군 문곡리
9105,궁촌2태양광,0.099,강원,강원 삼척시 근덕면
56028,봉평이 태양광,0.999,강원,강원도 평창군 봉평면
26135,부귀리태양광,0.06144,강원,강원 춘천시 북산면
61397,춘천태양광,2.898,강원,강원 춘천시 송암동
56447,티제이태양광,0.47952,강원,강원 삼척시 하장면
5695,현천리태양광,0.80512,강원,강원 횡성군 둔내면
56408,kt원주연수원 태양광,0.3216,강원,강원 원주시 행구덕현길
355,솔라파크원주태양광,1.91808,강원,강원 원주시 부론면
2221,정옥햇빛태양광,2.298,강원,강원 정선군 임계면
260,방동태양광,2.7922,강원,강원 삼척시 하장면
67726,강릉1호태양광발전기,1.45044,강원,강원 강릉시 강동면
2720,무이태양광발전소,1.48104,강원,강원 평창군 봉평면
4619,디에스태양광6호,0.99234,강원,강원 인제군 기린면
64786,제일솔라1호태양광,0.4896,강원,강원 강릉시 사천면
56060,삼척그린태양광,0.3996,강원,강원 삼척시 하장면
49176,율이동태양광,0.996,강원,강원 철원군 철원읍
63626,토성1호태양광,0.0992,강원,강원 고성군 토성면
2635,한국오지케이 태양광발전소,0.25137,강원,강원 원주시 지정면
52080,고성발전소,0.496,강원,강원 고성군 죽왕면
1408,백광영월태양광,0.996,강원,강원 영월군 문곡리
56029,봉평일 태양광,0.999,강원,강원도 평창군 봉평면
7928,도마리1호태양광,2.106,강원,강원 강릉시 왕산면
1884,에스엘피양지태양광,1.85121,강원,강원 원주시 흥업면
56449,화암태양광발전소 10호기,0.0992,강원,강원 정선군 화암면
28176,삼성파워1호태양광,2.496,강원,강원 강릉시 강동면
12489,삼척그린파워태양광,0.999,강원,강원 삼척시 원덕읍
35594,순자태양광발전소,0.09928,강원,강원 영월군 남면
29294,유천SG태양광,2.031575,강원,강원 정선군 여량면
5555,강릉제일솔라4호태양광,0.09909,강원,강원 강릉시 사천면
18270,동해시하수종말처리장태양광,2.417,강원,강원 동해시 공단1로
64774,피브이플랜트6호,0.89872,강원,강원 횡성군 갑천면
18280,동해바이오화력본부 태양광,1.992,강원,강원도 동해시
67119,지동리북 태양광발전소,0.99858,강원,강원 평창군 평창읍
56279,웅이태양광,0.99981,강원,강원 삼척시 하장면
1461,내린천태양광,1.41696,강원,강원 홍천군 내면
28170,삼성솔라2호태양광,0.998,강원,강원 양양군 현남면
40923,에스플래닛십호 태양광발전소,1.19925,강원,강원 고성군 현내면
29655,서강2호 태양광,0.49932,강원,강원 강릉시 강동면
44949,와이엔솔라태양광,2.00196,강원,강원 춘천시 신북읍
56309,이에스파워1호,2.74752,강원,강원 정선군 북평면
4721,한교태양광,2.99592,강원,강원 정선군 정선읍
67727,강릉2호태양광발전기,0.99756,강원,강원 강릉시 강동면
38546,썬플러스 7호,1.4976,강원,강원 고성군 토성면
55919,강경솔라팜원삼척1태양광,0.9009,강원,강원 삼척시 원덕읍
56292,유림이피씨 해상태양광발전소,0.99756,강원,강원 고성군 간성읍
55920,강경솔라팜원삼척5태양광,1.26945,강원,강원 삼척시 미로면
33132,간현리태양광2호,1.95129,강원,강원 원주시 지정면
29656,서강레미콘 태양광,0.2964,강원,강원 강릉시 강동면
12429,영동화력태양광,1.065,강원,강원 강릉시 강동면
7528,공산쏠라 태양광,0.999,강원,강원 원주시 소초면
36308,동그라미태양광,0.98728,강원,강원 삼척시 하장면
2508,탑솔라태양광,0.70596,강원,강원 횡성군 공근면
2558,토산태양광,2.74428,강원,강원 삼척시 하장면
787,가곡솔라태양광,0.99756,강원,강원 삼척시 가곡면
56393,최강일태양광,2.00124,강원,강원 영월군 상동급
58076,지이케이 태양광발전소,1.72638,강원,강원 평창군 방림면
63627,토성2호태양광,0.0992,강원,강원 고성군 토성면
1644,원주메탈1기태양광,0.49896,강원,강원 원주시 문막읍
61389,춘천MBC태양광,1.494,강원,강원 춘천시 수변공원길
56102,사북하늘3호 태양광발전소,0.99792,강원,강원도 정선군 사북읍
9103,궁촌1태양광,0.0992,강원,강원 삼척시 근덕면
4655,태백3호,0.9408,강원,강원도 태백시 통동
56208,자등1태양광발전소,0.49896,강원,강원 철원군 서면
15394,대선태양광발전소,0.8812,강원,강원 원주시 소초면
40501,문막포진리 태양광발전소 4호,0.99792,강원,강원 원주시 문막읍
49177,율이서태양광,0.996,강원,강원 철원군 율이리
5698,강원솔라파크태양광,2.995,강원,강원 춘천시 송암동
40924,에스플랜트11호태양광,2.9952,강원,강원 홍천군 북방면
2051,우진영월태양광,0.998,강원,강원 영월군 문곡리
64772,피브이플랜트10호,0.98568,강원,강원 인제군 기린면
56439,테라에너지제일호태양광,0.99792,강원,강원 태백시 원동
24268,배두둑 태양광,0.09747,강원,강원 평창군 대화면
2219,정선 태양광,1.49796,강원,강원 정선군 신동읍
49420,은성쏠라5호태양광,2.4947,강원,강원 횡성군 서원면
12496,영월복합태양광#1,0.055,강원,강원 영월군
56254,오성태양광발전기,2.00178,강원,강원 영월군 중동면
2122,율이리태양광,2.03904,강원,강원 철원군 철원읍
65870,백산태양광발전기,0.996,강원,강원 태백시 백산동
28494,삼포태양광발전소,0.0992,강원,강원도 춘천시 신동면
11937,나래에너지태양광,0.09792,강원,강원 영월군 주천면
56366,지티씨솔라2호,1.99485,강원,강원 철원군 갈말읍
56351,금광태양광,0.99792,강원,강원 강릉시 사천면
1842,에너솔라태양광,0.36,강원,강원 춘천시 남산면
56012,백운태양광발전소,2.47248,강원,강원 평창군 봉평면
29873,안산목내태양광,0.18,경기,경기 안산시 단원구
1944,린컴퍼니태양광,0.402,경기,경기 이천시 부발읍
19801,디와이뱅크9호태양광,0.7488,경기,경기 안성시 원곡면
930,3군사태양광,1.464,경기,경기 용인시 처인구
68158,해승태양광,0.99645,경기,경기 양평군 강하면
56395,케이디솔라포천발전소1,0.99792,경기,경기 포천시 창수면
29872,안산와동태양광,0.21,경기,경기 안산시 단원구
4708,케이씨씨 여주태양광 제4발전소,1.11033,경기,경기 여주시 가남읍
15017,대륜발전1호태양광,0.25,경기,경기 의정부시 민락로
56142,솔라팩토리3태양광,1.30176,경기,경기 포천시 창수면
48750,행죽태양광,1.75329,경기,경기 이천시 설성면
21712,모든태양광,0.3942,경기,경기 안성시 미양면
55930,게이트원햇빛발전소,0.49302,경기,경기 여주시 대신면
61786,카피어솔라태양광,0.49533,경기,경기 파주시 파주읍
4618,디에스4호,0.82656,경기,경기 연천군 미산면
61888,광명전기태양광,0.5,경기,경기 안산시 단원구
13404,농심포승태양광,1.27,경기,경기 평택시 포승읍
67825,강북아리수정수장태양광,2.8,경기,경기 남양주시 삼패동
56224,에이치알태양광발전소,2.07296,경기,경기 화성시 우정읍
35123,덕소정수장정수지태양광,1.012,경기,경기 남양주시 와부읍
37042,신세계구성태양광,0.462,경기,경기 용인시 기흥구
34333,송영훈 태양광,2.00022,경기,경기도 연천군 미산면
2591,팜스코태양광,2.99,경기,경기 이천시 부발읍
17971,트윈시스템태양광,0.52,경기,경기 시흥시 정왕동
48631,(유)방장 태양광발전소,0.99792,경기,경기 여주시 점동면
56211,에스엘태양광,1.90242,경기,경기 안성시 삼죽면
1880,에스에이치에너지태양광,1.45,경기,경기 광주시 곤지암읍
2134,의정부행복태양광,2.241,경기,경기 의정부시 장곡로
38934,아리랑태양광발전소 주식회사,1.99584,경기,경기 여주시 대신면
1854,에스디해바라기 태양광발전소 3호,2.2977,경기,경기 이천시 율면
35136,덕소정수장태양광발전기,0.327,경기,경기 남양주시 와부읍
29865,안산연성정수장태양광,1.49,경기,경기 시흥시 광석동
56399,화성KC2호 태양광발전기,4.17582,경기,경기도 화성시 송산면
1578,석그린태양광발전소,1.86552,경기,경기 포천시 창수면
30127,지축차량기지태양광,1.992,경기,경기 고양시 덕양구
40903,에스테루키2호태양광,0.099,경기,경기 여주시 강천면
929,605수송대대태양광,1.518,경기,경기 포천시 이동면
56409,케이티화성송신소태양광,2.98485,경기,경기 화성시 서신면
18006,부지외태양광#1,0.139125,경기,경기 동두천시 광암동
39379,에너지타운 태양광,0.23676,경기,경기 안산시 단원구
50466,이수백태양광,0.0994,경기,경기 여주시 대신면
48598,(유)노령 태양광발전소,0.99792,경기,경기 여주시 점동면
39382,안산정수장태양광,0.537,경기,경기 안산시 단원구
13454,제일종축태양광,2.221,경기,경기 이천시 부발읍
56168,신흥태양광발전기,0.99648,경기,경기 여주시 산북면
29871,안산공단태양광,0.21,경기,경기 안산시 단원구
7796,광나지태양광,0.099,경기,경기 여주시 강천면
48698,(유)여주케이원솔라 태양광발전소,0.49896,경기,경기 여주시 점동면
28342,삼이일태양광발전소,0.09832,경기,경기 여주시 점동면
66869,한온시스템 평택공장 태양광 발전소,1.15344,경기,경기도 평택시 포승읍
2644,평택서부공설운동장태양광,0.753,경기,경기 평택시 청북면
18007,부지외태양광#2,0.131705,경기,경기 동두천시 광암동
33872,노곡리1호 태양광발전소,1.998,경기,경기 연천군 백학면
2964,BBTS태양광,0.999,경기,경기 이천시 대월면
64500,늘푸른하늘태양광1호,0.89352,경기,경기 안성시 삼죽면
46898,운지솔라 북삼1호 태양광발전소,2.09088,경기,경기 연천군 왕징면
67484,해님1호 태양광,0.099,경기,경기 여주시 대신면
2496,콘카그린쏠라1호,1.96992,경기,경기 평택시 포스읍
7929,멱곡1호태양광,0.7904,경기,경기 여주시 멱곡동
4718,피앤이솔루션발전소,0.05,경기,경기 수원시 권선구
57104,준태양광 왕징7호,1.81818,경기,경기 포천시 왕징면
18479,동안이젠태양광발전소,1.86975,경기,경기 김포시 양촌읍
30119,김포공급센터태양광,0.09996,경기,경기 김포시 통진읍
34385,송인태양광,2.4786,경기,경기 연천군 미산면
1112,대륜발전3호태양광,0.564,경기,경기 양주시 화합로
62087,코리아로드태양광3호기,1.703,경기,경기 용인시 수지구
64502,늘푸른하늘태양광3호,0.97236,경기,경기 안성시 삼죽면
26700,블루2호,0.20088,경기,경기도 연천군 신서면
64771,피브이13호,0.4212,경기,경기도 연천군 신서면
56200,에버그린태양광,2.4786,경기,경기 연천군 미산면
2642,월곶2차태양광,0.74052,경기,경기 시흥시 월곶동
1522,삼천리광명태양광,0.1734,경기,경기도 광명시 자경로
56105,삼마여주2호,2.99592,경기,경기 여주시 북내면
47284,원일태양광,0.099,경기,경기 포천시 내촌면
64501,늘푸른하늘태양광2호,0.70299,경기,경기 안성시 삼죽면
4707,케이씨씨 여주태양광 제3발전소,0.84096,경기,경기 여주시 가남읍
48662,신흥태양광발전소,1.47096,경기,경기 안성시 일죽면
44821,옻골 태양광발전소,0.25935,경기,경기 화성시 송산면
28826,상명1호태양광,0.099,경기,경기 안성시 일죽면
64251,포곡55사단태양광,0.99648,경기,경기 용인시 처인구
68058,한민고태양광,0.543,경기,경기 파주시 광탄면
35137,시흥정수장태양광발전기,0.099,경기,경기 안산시 단원구
29881,석정태양광발전소,0.19832,경기,경기 평택시 포승읍
18008,동두천드림태양광,1.591,경기,경기 동두천시 광암동
61947,리콘타태양광,0.78,경기,경기 여주시 점동면
1691,덕우수상회전식태양광,2.656,경기,경기 화성시 봉담읍
68536,해테크여주4호 태양광,0.49842,경기,경기 여주시 북내면
49983,의정부하수처리장태양광,0.327,경기,경기 의정부시 장곡로
13405,농심율촌태양광,0.84,경기,경기 평택시 포승읍
1040,세일GAT솔라태양광#1,4.386,경기,경기 이천시 초지리
38548,썬플러스5호 두일리태양광,2.02176,경기,경기 연천군 백학면
54868,와초리 태양광,1.8468,경기,경기 연천군 연천읍
62212,교통안전공단태양광,0.9,경기,경기 화성시 성산면
6257,KTC태양광,1.378,경기,경기 화성시 팔탄면
4695,주영태양광PV,0.23391,경기,경기 안산시 단원구
56270,yk에너지1호,1.33385,경기,경기 시흥시 정황동
1690,멱우수상회전식태양광,2.9952,경기,경기 화성시 우정읍
7018,고래태양광,0.09728,경기,경기 안산시 단원구
55980,다인산전태양광,0.03825,경기,경기 화성시 팔탄면
29874,안산성곡태양광,0.17,경기,경기 안산시 단원구
58746,진에너지태양광,0.099,경기,경기 포천시 영북면
64307,포천파워소내태양광,0.664,경기,경기 포천시 창수면
29864,평택2복합태양광,0.455,경기,경기 평택시 포승읍
66787,한양1태양광,0.4599,경기,경기 평택시 서탄면
29875,안산초지태양광,0.16,경기,경기 안산시 단원구
56130,주식회사 성진2호태양광발전소,0.432,경기,경기도 화성시 장안면
50877,이케아 고양점 태양광발전기,0.994175,경기,경기도 고양시 덕양구
69838,현대태양광,0.099,경기,경기 연천군 군남면
778,성곡2호태양광,1.99584,경기,경기 안산시 단원구
35112,시흥정수장태양광#2,1.31096,경기,경기 안산시 단원구
1467,비에스케이여주햇빛발전소,0.49302,경기,경기 여주시 대신면
35135,고양정수장태양광발전기,0.268,경기,경기 고양시 일산동구
38771,그린오산태양광,1.922,경기,경기 오산시 부산동
35128,시화방아머리태양광,1.0404,경기,경기도 안산시 단원구
28297,삼용태양광,0.491,경기,경기 포천시 일동면
31683,성덕태양광,0.099,경기,경기 연천군 청산면
41675,여주늘푸른태양광,0.0994,경기,경기 여주시 대신면
4704,KCC중앙연구소 종합연구동태양광,1.134,경기,경기 용인시 기흥구
39381,안산하수처리시설태양광,1.248,경기,경기 안산시 단원구
55981,다인햇빛발전소,0.49302,경기,경기 여주시 대신면
18287,용인청정태양광,1.085,경기,경기 용인시 처인구
56023,디티이엔비 1호 태양광,1.49796,경기,경기 안성시 상죽면
12500,하동하수처리장태양광,0.055,경남,경남 하동군 하동읍
12405,삼천포태양광#5-1,3.93984,경남,경남 고성군 하이면
51639,일심태양광,0.099,경남,경남 합천군 묘산면
20042,럭키태양광발전기,0.99856,경남,경남 거창군 고제면
14246,에스플랜트6호태양광,0.67488,경남,경남 김해시 한림면
35130,원동취수장태양광,0.099,경남,경남 양산시 원동면
59283,의령 참새 태양광,0.98982,경남,경남 의령군 용덕면
15140,대명에너지태양광,1.402,경남,경남 하동군 북천면
1044,넥스트에너지태양광,2.00448,경남,경남 함양군 서상면
45018,와이피피농원에너지2호,0.498,경남,경남 거창군 북상면
26381,부일태양광발전소,0.099,경남,경남 하동군 적량면
25199,보국전자태양광,0.245,경남,경남 김해시 진례면
46469,우원솔라태양광발전기,2.73042,경남,경남 사천시 곤양면
985,화목맑은물센터태양광,1.243,경남,경남 김해시 김해대로
11721,가야테마파크주차장 태양광발전소,0.4968,경남,경남 김해시 가야테마길
12499,하동정수장태양광,0.093,경남,경남 하동군 하동읍
65920,해떠태양광,0.09936,경남,경남 김해시 주촌면
61912,GMK창원공장태양광,2.966,경남,경남 창원시 성산구
873,곤양태양광,0.999,경남,경남 사천시 곤양면
57869,정촌태양광발전소,0.40365,경남,경남 진주시 정촌면
72736,희망빛부북위양 제3발전기,0.65844,경남,경남 밀양시 부북면
40515,에버그린에너지 태양광,0.399,경남,경남 하동군 횡천면
1923,엔에스쏠라태양광,2.966,경남,경남 창녕군
27555,사천미래태양광,0.869,경남,경남 사천시 곤양면
61887,한국제강태양광,0.998,경남,경남 함안군 군북면
19749,양산물류센터태양광,1.6,경남,경남 양산시 물금읍
59553,진해석동정수장태양광발전기,0.491,경남,경남 창원시 진해구
795,가야태양광,0.848,경남,경남 합천군 가야면
65115,하늘농장15호태양광,1.50255,경남,경남 거창군 가조면
20071,레일에너지태양광,1.247,경남,경남 김해시 한림면
11723,명동정수장 침전지 태양광발전소,0.4968,경남,경남 김해시 한림면
63004,태양산업발전기,0.3024,경남,경남 양산시 상북면
11716,김해명동태양광,1.539,경남,경남 김해시 한림면
56046,무량태양광,2.304,경남,경남 고성군 고성읍
66143,한려태양광,0.49932,경남,경남 남해군 창선면
12428,경상대가좌태양광,0.905,경남,경남 진주시 진주대로
1621,성훈철강태양광,1.624,경남,경남 진주시 상평동
64674,두산솔라파워1호 태양광,0.486,경남,경남 창원시 성산구
12406,삼천포태양광#5-2,6.64704,경남,경남 고성군 하이면
12493,하동화력태양광4호기,0.99756,경남,경남 하동군 금남면
56464,하찬캄태양광,1.4994,경남,경남 고성군 하이면
40884,경남창원태양광#2,0.944,경남,경남 창원시 성산구
63113,태영에너지창녕태양광,0.998,경남,경남 창녕군 대합면
13421,피비태선오계2태양광,0.974,경남,경남 거창군 남상면
11989,나무리태양광발전소,0.9657,경남,경남 산청군 신등면
1488,사천태양광,0.99648,경남,경남 사천시 사천읍
35126,합천수상태양광#3,0.099,경남,경남 합천군 대병면
4612,가야4호 태양광발전소,0.99495,경남,경남 합천군 가야면
67292,합천솔라태양광,1.5,경남,경남 합천군 가회면
884,광명4호태양광,0.74106,경남,경남 진주시 집현면
150,다모아태양광,1.87488,경남,경남 의령군 대의면
55946,주식회사광덕,0.39123,경남,경남 창녕군 계성면
4685,제이에스파워2호태양광,0.0972,경남,경남 진주시 사봉면
56368,지피원오호리태양광,1.1934,경남,경남 창녕군 길곡면
10476,금오태양광,0.49842,경남,경남 하동군 진교면
1224,동광하동태양광,1,경남,경남 하동군 북천면
35132,밀양정수장태양광,0.233,경남,경남 밀양시 산외면
68060,대전통영선태양광,2.78,경남,경남 고성군 대가면
19265,두산중공업 창원러닝센터태양광,0.29931,경남,경남 창원시 성산구
1731,신기태양광,0.99648,경남,경남 사천시 사천읍
852,거창에코태양광,0.998,경남,경남 거창군
800,가조은혜태양광,1.2,경남,경남 거창군 가조면
1492,산청태양광,1,경남,경남 산청군 단성면
1283,도원태양광,0.469,경남,경남 합천군 봉산면
29771,서대태양광,0.49932,경남,경남 남해군 창선면
5102,가은태양광,0.24528,경남,경남 거창군 거창읍
12891,남해태양광,0.49932,경남,경남 남해군 창선면
35133,양산정수장태양광,0.099,경남,경남 양산시 상북면
5347,갈화태양광,0.481275,경남,경남 남해군 고현면
4659,에스비솔라태양광,1.45122,경남,경남 창원시 진해구
65873,명관수상태양광,1.21176,경남,경남 함안군 군북면
56392,첼시4호태양광발전소,1.998,경남,경남 의령군 대의면
2435,초곡태양광발전기,1.49226,경남,경남 의령군 유곡면
24546,백운함양태양광,1.5,경남,경남 함양군 백전면
59902,천사태양광,0.099,경남,경남 사천시 서포면
48603,대룡1호태양광,0.9984,경남,경남 하동군 북천면
12501,하동공설운동장태양광,0.37,경남,경남 함안군 법수면
56218,평산태양광,2.57652,경남,경남 남해군 남면
9631,그린태양광3호,0.1,경남,경남 하동군 고전면
18504,동양3공장태양광,0.323,경남,경남 창원시 성산구
27154,빛사랑태양광,0.498225,경남,경남 하동군 북천면
17965,코아텍시스템즈태양광,0.67,경남,경남 창원시 성산구
841,위천2호햇빛발전소,0.49446,경남,경남 거창군 위천면
12492,하동화력태양광,1,경남,경남 하동군 금성면
1924,엔에스쏠라제2태양광,2.45,경남,경남 창녕군 대합면
2617,피비태선오계1태양광,0.997,경남,경남 거창군 남상면
63921,판곡태양광,0.2948,경남,경남 고성군 삼산면
39235,아폴로솔라5호태양광발전소,2.24532,경남,경남 남해군 남해읍
13426,JK태양광,0.99826,경남,경남 고성군 대가면
17644,도천솔라창녕태양광,0.793,경남,경남 창녕군 도첨면
1296,DSP4호 태양광발전소,0.81,경남,경남 합천군 가야면
55982,대곡태양광발전소,0.2976,경남,경남 하동군 옥종면
48689,티에스2호태양광발전소,1.21824,경남,경남 남해군 남면
62687,태민태양광발전소,0.09984,경남,경남 산청군 금서면
6990,의령 고니 태양광,0.98982,경남,경남 의령군 용덕면
12417,삼천포태양광#2,0.99,경남,경남 고성군 하이면
12498,하동보건소태양광,0.04,경남,경남 하동군 하동읍
66716,삼랑진양수 태양광 #2,0.53874,경남,경남 밀양시 삼랑진읍
56311,하이저수지수상태양광,2.51856,경남,경남 고성군 하이면
63637,LH본사신사옥태양광#1,1.04,경남,경남 진주시 충의로
48690,티에스태양광발전소,1.48392,경남,경남 남해군 남면
9630,그린태양광2호,0.1,경남,경남 하동군 고전면
50060,이글스에너지태양광#1,2.249,경남,경남 창원시 성산구
59442,창선태양광,0.49932,경남,경남 남해군 창선면
2267,정진1호 태양광,0.4896,경남,경남 남해군 고현면
61920,GMK창원공장3호태양광,5.002,경남,경남 창원시 성산구
65307,하동미래태양광,0.1,경남,경남 하동군 고전면
56167,신화태양광 발전기,0.99792,경남,경남 거창군 고제면
26964,비토태양광,0.09856,경남,경남 사천시 서포면
34344,송원발전,0.49896,경남,경남 하동군 진교면
19537,드림라인쏠라파워5호 태양광,1.60083,경남,경남 의령군 용덕면
6019,거창온빛태양광,0.59787,경남,경남 거창군 거창읍
20523,거창미래태양광,0.494,경남,경남 거창군 위천면
56127,성광대독발전기,0.42458,경남,경남 고성군 고성읍
1948,진주햇빛 태양광,0.398,경남,경남 진주시
65305,하동광성에너지,0.99648,경남,경남 하동군 양보면
40885,함안태양광,0.936,경남,경남 함안군 법수면
12469,하동화력태양광5호기,0.99756,경남,경남 하동군 금남면
1637,창녕베스틸1기태양광,2.6,경남,경남 창녕군 대합면
38252,썬그린 태양광,0.4935,경남,경남 하동군 횡천면
40081,양지에너지태양광,0.498,경남,경남 하동군 고전면
37044,신세계1호태양광PV,0.099,경남,경남 합천군 야로면
26215,덕산태양광,0.771,경남,경남 김해시 대동면
4603,현창이엔지 태양광발전기,0.2992,경남,경남 김해시 한림면
65888,두량저수지태양광,2.99691,경남,경남 사천시 사천읍
11722,삼계정수장 침전지 태양광발전소,0.75555,경남,경남 김해시 생림대로
48727,천지에너지태양광,0.9984,경남,경남 하동군 북천면
71051,호포차량기지태양광,1.452,경남,경남 양산시 동면
57972,지우태양광발전소,0.9996,경남,경남 산청군 산청읍
18505,동양4공장태양광,0.986,경남,경남 창원시 성산구
46123,우리에너지 태양광,0.44625,경남,경남 하동군 횡천면
12409,삼천포태양광#4,1.85,경남,경남 고성군 하이면
35121,합천댐수상태양광,0.099,경남,경남 합천군
20578,마이솔에너지,0.49896,경남,경남 하동군 진교면
35113,고성조절지태양광,0.31248,경남,경남 고성군 상리면
34246,송산고성태양광,0.246,경남,경남 고성군 거류면
1824,양산솔라태양광,2.967,경남,경남 양산시 물금읍
12412,두산엔진 MG태양광,0.07722,경남,경남 창원시 성산구
56308,덕월태양광,1.29744,경남,경남 남해군 남면
35107,합천수상태양광#2,0.497,경남,경남 합천군 용주면
20072,레일에너지태양광6,0.7074,경남,경남 김해시 한림면
2258,제이에스파워1호태양광,0.1,경남,경남 밀양시 초동면
66398,한빛에스지태양광,2,경남,경남 거창군 웅양면
66718,삼랑진양수 태양광 #1,2.2338,경남,경남 밀양시 삼랑진읍
54040,정우태양광a,0.72624,경남,경남 고성군 마암면
16126,대일화학,1.49544,경남,경남 김해시 진례면
7179,고암창녕태양광,1.498,경남,경남 창녕군 고암면
59823,천광태양광,0.498225,경남,경남 하동군 북천면
12408,삼천포태양광#3,0.35,경남,경남 고성군 하이면
37046,신세계2호태양광PV,0.2976,경남,경남 합천군 야로면
58879,진원산업개발태양광,0.208,경남,경남 창원시 진해구
1649,창원특수강1기태양광,1.79388,경남,경남 창원시 성산구
62513,태광2태양광,0.498,경남,경남 하동군 고전면
11789,의령 까치 태양광,0.98982,경남,경남 의령군 용덕면
56538,태광대독발전기,0.40664,경남,경남 고성군 고성읍
9629,그린태양광1호,0.1,경남,경남 하동군 고전면
33082,세일솔라덕산태양광,3.00096,경남,경남 김해시 대동면
12484,하동변전소태양광,0.048,경남,경남 하동군 적량면
65880,가산수상태양광,2.00736,경남,경남 밀양시 밀양대로
32277,성원 태양광,0.40736,경남,경남 남해군 서면
38035,쌍백태양광,2.004,경남,경남 합천군 쌍백면
64676,두산솔라파워2호 태양광,0.999,경남,경남 창원시 성산구
56222,한국일본통운태양광,1.25568,경남,경남 창원시 진해구
16477,대한정밀 태양광발전기,0.252,경남,경남 양산시 어곡공단4길
48660,남해덕월태양광발전소,2.55312,경남,경남 남해군 남면
48699,남해평산태양광발전소,0.40824,경남,경남 남해군 남면
72737,희망빛단장범도 제1발전기,0.99864,경남,경남 밀양시 단장면
22667,미래개발태양광,2.00112,경남,경남 고성군 하이면
906,광호태양광,1.4688,경남,경남 함양군 백전면
1622,지수공장태양광,1.4,경남,경남 진주시 지수면
2449,케이더블유에너지태양광,1.69524,경남,경남 거창군 남하면
6307,덕동하수처리장태양광,1.2,경남,경남 창원시 마산합포구 덕동동
63638,LH본사신사옥태양광#2,1.04,경남,경남 진주시 충의로
1171,대한솔라태양광,2.3,경남,경남 창원시 진해구
634,클린에코에너지태양광,0.4,경남,경남 사천시 서포면
55924,강천1호태양광,0.49446,경북,경북 거창군 위천면
2348,지에이치에너지태양광,2,경북,경북 영양군 석보면
70512,형진쏠라12호태양광,2.299,경북,경북 문경시 호계면
19764,디에이의성태양광,0.7,경북,경북 의성군 단촌면
56041,맥스에너지월성 태양광,0.96876,경북,경북 구미시 해평면
4676,월성에너지태양광,0.49842,경북,경북 의성군 안계면
17970,고아정공경주태양광,0.25,경북,경북 경주시 강동면
64472,푸른태양광발전소,0.1,경북,경북 포항시 북구
26436,금호1호태양광발전소,1.49745,경북,경북 영천시 금호읍
2182,일신산업태양광,0.295,경북,경북 경산시 남산면
1295,DSP2호 태양광발전소,0.45,경북,경북 군위군 의흥면
56298,윤아에너지 태양광,0.99864,경북,경북 의성군 안계면
59805,천광산업영주태양광,1.995,경북,경북 영주시 상망동
1774,쏠라테크칠곡태양광,0.995,경북,경북 칠곡군 지천면
65889,만운저수지태양광,2.00736,경북,경북 안동시 풍산면
56405,케이에이치테크태양광,1.494675,경북,경북 구미시 옥성면
12399,남도태양광제1기,0.99792,경북,경북 경산시 용성면
2627,하늘에너지태양광,0.996,경북,경북 의성군 금성면
56206,SH화전태양광,0.99684,경북,경북 의성군 사곡면
36513,신광솔라태양광,0.99324,경북,경북 포항시 북구
59641,창환영덕태양광,1,경북,경북 영덕군 영해면
1999,오운태양광,1.4,경북,경북 영주시 평은면
2031,우도경주태양광,2.9736,경북,경북 경주시 서면
55979,다산태양광,0.99918,경북,경북 문경시 산양면
21630,명품3호 태양광,0.09916,경북,경북 문경시 산양면
56486,화남제3태양광,2.00232,경북,경북 칠곡군 동명면
2623,김천시하수처리장태양광,2.478,경북,경북 김천시 대광동
2106,유원성주태양광,0.962,경북,경북 성주군 성주읍
29687,서광영천태양광,0.45,경북,경북 영천시 임고면
48395,유진의성태양광,1,경북,경북 의성군 금성면
56229,엔아이씨안동태양광,2.9792,경북,경북 안동시 임동면
38205,써니파크태양광,0.26964,경북,경북 칠곡군 동명면
49423,은성쏠라21호태양광,1.27205,경북,경북 상주시 외서면
69872,천북공장태양광,0.34476,경북,경북 경주시 천북면
66794,한양솔라태양광,0.998,경북,경북 군위군 대북리
17813,동건태양광,0.099,경북,경북 예천군 지보면
58718,진양25호태양광,1.50255,경북,경북 경주시 강동면
71408,화서 태양광,0.199,경북,경북 상주시 화서면
19588,드림태양광발전소,0.099,경북,경북 영천시 금호읍
42773,영양미래햇빛발전소,0.49896,경북,경북 영양군 청기면
19544,드림솔라1태양광,0.29988,경북,경북 의성군 금성면
33992,솔로몬영주태양광,0.994,경북,경북 영주시 안정면
1534,상주태양광,1.49,경북,경북 상주시 화서면
56350,JL화전태양광,0.19809,경북,경북 의성군 사곡면
56189,안다미로제이,2.976,경북,경북 김천시 감문면
5010,가야에너지태양광,0.996,경북,경북 의성군 금성면
60107,철도솔라4호태양광,0.3402,경북,경북 포항시 북구
40863,천욱발전영주태양광,0.988,경북,경북 영주시 상망동
56036,맥스에너지2호,0.99882,경북,경북 의성군 봉양면
12076,나이스쏠라태양광,0.09936,경북,경북 영천시 임고면
25586,복용쏠라 태양광,0.199,경북,경북 상주시 화서면
56401,케이앤씨 태양광,0.400995,경북,경북 경산시 진량읍
29138,오태2수상태양광,3.088,경북,경북 군위군 의흥면
2030,우도상주태양광,0.995,경북,경북 상주시 이안면
33930,솔라테크예천태양광,0.378,경북,경북 예천군 지보면
51456,일광에너지영덕태양광,0.494,경북,경북 영덕군 지품면
50058,이글스에너지태양광#2,0.789,경북,경북 구미시 공단동
49958,조성수상태양광,2.7132,경북,경북 의성군 구천면
9011,군위솔라태양광,2.987,경북,경북 군위군 소보면
18963,동해에너지태양광발전소,0.996,경북,경북 의성군 금성면
4727,함박산햇빛발전소,0.45333,경북,경북 영양군 청기면
31105,선우영주태양광,1.2,경북,경북 영주시 이산면
1294,(주)디에스피이에스1호 태양광,0.504,경북,경북 의성군 의성읍
18657,동원에너지태양광발전소,0.996,경북,경북 의성군 금성면
13393,화성태양광,1.494,경북,경북 의성군 단북면
2653,한라솔라예천태양광,0.994,경북,경북 예천군
15152,대명태양광,0.6966,경북,경북 성주군 대가면
7909,광명쏠라1호태양광,0.32319,경북,경북 의성군 안계면
2064,평지저수지수상태양광#1,0.70623,경북,경북 문경시 산양면
55967,남전1호태양광,2.00448,경북,경북 김천시 개령면
26611,BEP민정태양광,0.99864,경북,경북 상주시 오대동
1667,솔라예천태양광,0.999,경북,경북 예천군 감천면
35138,자인정수장태양광,0.098,경북,경북 경산시 자인면
56304,의령에너지햇빛발전소,0.49896,경북,경북 영양군 청기면
29651,서강봉화태양광,1,경북,경북 봉화군 물야면
37710,신풍태양광,0.496,경북,경북 예천군 지보면
19102,동희태양광,0.099,경북,경북 예천군 유천면
13420,성안태양광,1.49688,경북,경북 안동시 와룡면
6771,경현봉화태양광,0.999,경북,경북 봉화군 상운면
56487,화남제2태양광,2.99376,경북,경북 칠곡군 동명면
151,다복태양광,1,경북,경북 봉화군 재산면
64207,평화태양광,0.099,경북,경북 예천군 유천면
55941,고경3호태양광,0.99756,경북,경북 영천시 고경면
1100,대광태양광b,0.7008,경북,경북 영천시 고경면
43187,영천화남태양광,0.998,경북,경북 영천시 화남면
17356,도덕태양광발전소,0.1,경북,경북 의성군 안계면
1444,부경태양광#1,0.992,경북,경북 영양군 석보면
969,금용태양광,1.25,경북,경북 성주군 벽진면
32901,세명태양광,0.7452,경북,경북 성주군 대가면
40623,도개2호태양광발전소,0.99495,경북,경북 구미시 도개면
4631,성광태양광발전소,0.999,경북,경북 상주시 함창읍
56047,무성햇빛발전소,0.45333,경북,경북 영양군 청기면
2590,팜스코태양광#4,0.68,경북,경북 성주군 월항면
40226,어덕1태양광발전소,0.098,경북,경북 상주시 중덕동
56198,내의1호태양광,1.49688,경북,경북 군위군 소보면
17248,도개솔라파크8,0.09984,경북,경북 구미시 도개면
4348,SU799태양광발전기,0.24531,경북,경북 김천시 율곡동
2123,대광태양광c,1.9964,경북,경북 상주시 화남면
24628,백한봉화태양광,0.807,경북,경북 봉화군 봉화읍
56076,해찬태양광발전소,0.9984,경북,경북 영천시 고경면
4701,KCC김천공장태양광,5.76,경북,경북 김천시 어모면
22707,미래솔라태양광,2.06388,경북,경북 문경시 마성면
56040,맥스에너지안정,0.95616,경북,경북 의성군 안계면
16444,대한메탈2발전소,0.23868,경북,경북 경산시 진량읍
1763,썬위즈군위태양광,0.43,경북,경북 군위군 의흥면
4632,김천태양광발전소,2.00528,경북,경북 김천시 개령면
56348,제이에스비햇빛발전소,0.45333,경북,경북 영양군 청기면
4645,청리에너지-2,0.95238,경북,경북 상주시 청리면
40227,어덕2태양광발전소,0.099,경북,경북 상주시 중덕동
42667,영숙태양광발전소,0.099,경북,경북 구미시 도개면
56430,태영태양광,0.4896,경북,경북 안동시 와룡면
29016,상용 태양광,0.4032,경북,경북 상주시 화서면
56335,정종솔라3호,0.99324,경북,경북 상주시 내서면
35106,해평정수장침전지태양광,0.084,경북,경북 구미시 해평면
56250,영파워 태양광발전소,0.50625,경북,경북 문경시 영순면
62970,보현산댐태양광,2.40185,경북,경북 영천시 화북면
17243,도개솔라파크2,0.099,경북,경북 구미시 도개면
9290,내의2호태양광,1.49688,경북,경북 군위군 소보면
55938,경희솔라제1발전기,1.35,경북,경북 의성군 봉양면
2766,현도태양광,0.99792,경북,경북 군위군 산성면
7930,우지1호태양광,2.7495,경북,경북 문경시 우지동
58717,진양23호태양광,1.93347,경북,경북 예천군 풍양면
1529,상생에너지태양광,1.994525,경북,경북 김천시 어모면
56099,빛모아 태양광,0.99864,경북,경북 의성군 안계면
72465,훈민2태양광발전소,0.44928,경북,경북 문경시 산양면
19904,조율태양광,1.494,경북,경북 의성군 구천면
24960,벽진태양광발전소,0.499536,경북,경북 성주군 벽진면
1875,삼성제침1호태양광,0.45954,경북,경북 칠곡면 왜관읍
2660,한빛2호태양광,1.49688,경북,경북 군위군 소보면
1009,낙동에너지2호,0.498,경북,경북 군위군 우보면
46097,우리솔라태양광,0.496339,경북,경북 경산시 용성면
54997,제이티태양광,0.49536,경북,경북 예천군 호명면
2661,비안태양광,1.99872,경북,경북 의성군 비안면
45013,와이티썬칠곡태양광,2.97,경북,경북 칠곡군 지천면
55925,강천2호태양광,0.49446,경북,경북 거창군 위천면
68061,익산포항선태양광,0.674,경북,경북 영천시 임고면
43277,영해태양광발전소,0.9996,경북,경북 영천시 화남면
4654,아이제이에스태양광,0.4824,경북,경북 경산시 진량읍
1085,다인의성태양광,0.994,경북,경북 의성군 다인면
4673,와이즈솔라21호,1.4985,경북,경북 김천시 농소면
48002,영순태양광,1.701,경북,경북 문경시 영순면
4644,소곡태양광,0.99495,경북,경북 문경시 우지동
56507,더준태양광,0.84132,경북,경북 고령군 운수면
42474,영림3태양광발전소,0.9996,경북,경북 영천시 화남면
40458,에덴에너지,0.49725,경북,경북 상주시 사벌면
49957,개천수상태양광,2.04782,경북,경북 의성군 안계면
8269,광전명도태양광,2.00196,경북,경북 울진군 죽변면
1682,솔라파워영주태양광,0.7,경북,경북 영주시 안정면
49421,은성쏠라4호태양광,1.29675,경북,경북 영주시 안정면
29701,서광영천북안태양광,0.994,경북,경북 영천시
56414,코리아쏠라에너지태양광,0.4446,경북,경북 구미시 도개면
57192,중덕태양광발전,0.0976,경북,경북 상주시 어덕길
49956,의성솔라태양광,1.5,경북,경북 의성군 금성면
1988,예천솔라태양광,1,경북,경북 예천군 지보면 어신리
12400,남도태양광제2기,0.49896,경북,경북 경산시 용성면
55991,의성율현태양광,2.00032,경북,경북 의성군 구천면
26143,부남청송태양광,0.22,경북,경북 봉화군 재산면
56017,DSP6호태양광,2.031575,경북,경북 칠곡군 왜관읍
56165,신우솔라태양광,0.450775,경북,경북 구미시 도개면
29958,서산2태양광,0.09936,경북,경북 영천시 서산동
4611,월막1호 태양광발전소,0.99495,경북,경북 고령군 쌍림면
4647,승진에너지태양광발전소,1.99368,경북,경북 구미시 산동면
4684,제다 태양광발전소,0.99792,경북,경북 경산시 진량읍
1876,삼성제침2호태양광,0.36639,경북,경북 칠곡면 왜관읍
58486,진산태양광,0.99552,경북,경북 의성군 금성면
56521,에스피햇빛발전소,0.45333,경북,경북 영양군 청기면
2183,일지테크경주공장태양광,0.65246,경북,경북 경주시 외동읍
45992,화서휴게소태양광,0.42978,경북,경북 상주시 화서면
1551,서보의성태양광,2,경북,경북 의성군 금성면
42947,영일태양광발전소,0.099,경북,경북 의성 단밀면
1286,디아이테크태양광,0.96,경북,경북 포항시 남구
63567,승문태양광,0.486,경북,경북 영주시 문수면
56290,위천솔라태양광,0.49446,경북,경북 거창군 위천면
2159,이원에너지태양광,0.7,경북,경북 군위군 의흥면
38707,씨앤상주태양광,0.999,경북,경북 상주시 모서면
1636,포항제강1기태양광,1.1,경북,경북 포항시 남구
1309,대진태양광,0.469,경북,경북 합천군 봉산면
21631,명품4호 태양광,0.09916,경북,경북 문경시 산양면
56109,삼지솔라 태양광발전소,0.99495,경북,경북 구미시 도개면
8314,광진쏠라2호태양광,2.004975,경북,경북 문경시 호계면
1517,삼일방직태양광,1.5,경북,경북 경산시 진랼읍
58721,진양쏠라20호,1.893,경북,경북 문경시 농암면
1781,씨그마영주태양광,2.999,경북,경북 영주시 조와동
55939,경희솔라제2발전기,1.35,경북,경북 의성군 봉양면
71061,제오태양광발전소,0.99792,경북,경북 의성군 금성면
56488,화남제1태양광,2.99376,경북,경북 칠곡군 동명면
56108,삼읍태양광,0.8046,경북,경북 영덕군 병곡면
16841,덕담태양광발전소,0.495,경북,경북 상주시 사벌면
32953,세실쏠라태양광,0.09936,경북,경북 영천시 임고면
4646,청리에너지,0.4995,경북,경북 상주시 청리면
2454,CB상주태양광,1.45638,경북,경북 상주시 화동면
6822,경휘울진태양광,0.997,경북,경북 울진군 평해읍
43103,영진솔라테크태양광,0.902,경북,경북 봉화군 상운면
1406,배내상주태양광,0.995,경북,경북 상주시 이안면
1678,솔라테크상주태양광,0.7,경북,경북 상주시 모동면
69753,현대영주태양광,1,경북,경북 영주시 장수면
32276,성원2태양광발전소,0.34992,경북,경북 문경시 영순면
56676,주원영양태양광#3 발전기,0.6,경북,경북
56202,에스솔라 태양광발전소,0.99648,경북,경북 성주군 벽진면
18472,동아태양광에너지,0.97416,경북,경북 영주시 안정면
55914,의성솔라에너지태양광,2.00013,경북,경북 의성군 단촌면
65562,호남태양광,0.5,경북,경북 영천시 금호읍
48430,유진쏠라랜드태양광,0.68,경북,경북 상주시 사벌면
35910,승경2호태양광,0.29808,경북,경북 상주시 사벌면
1687,솔싱크영주태양광,0.966,경북,경북 영주시 상망동
1284,디씨에너지태양광,1.49,경북,경북 칠곡군 가산면
67132,한중태양광,1.2,경북,경북 영천시 영천산단로
13546,누림에너지태양광,0.99882,경북,경북 의성군 안사면
56425,태승가애태양광발전소,0.29565,경북,경북 상주시 낙동면
49127,율리2태양광,0.099375,경북,경북 상주시 청리면
42760,신화테크2태양광,0.942,경북,경북 포항시 대송면
19258,두산태양광발전소,0.0992,경북,경북 안동시 북후면
56494,마북태양광발전,2.016,경북,경북 포항시 북구
65346,하리 태양광발전소(pv),0.093075,경북,경북 문경시 문경읍
4493,yd솔라에너지,0.09792,경북,경북 안동시 예안면
1384,미래영주태양광,0.999,경북,경북 영주시 부석면
51583,일성전력태양광,0.0416,경북,경북 경주시 강동면
2024,용성2호태양광,0.496339,경북,경북 경산시 용성면
58716,진양17호태양광,1.91079,경북,경북 의성군 안계면
20606,마전태양광,0.99712,경북,경북 예천군 지보면
21632,명품5호 태양광,0.09916,경북,경북 문경시 산양면
66188,한마음에너지태양광,0.5,경북,경북 경산시
66635,한세태양광,0.99,경북,경북 안동시 풍천면
70513,친환경단구리태양광,1.497,경북,경북 경주시 강동면
1367,문경솔라팜태양광,2.08208,경북,경북 문경시 동로면
56396,케이비솔라에너지,0.99882,경북,경북 상주시 모서면
48832,육일태양광,0.29376,경북,경북 성주군 성주읍
56075,광찬태양광발전소,0.9984,경북,경북 영천시 고경면
38339,영주제1태양광,0.493,경북,경북 영주시 안정면
56361,주식회사 중앙시스템 태양광,0.86976,경북,경북 상주시 사벌면
56203,해토태양광,2.9988,경북,경북 문경시 마성면
7022,고려광칠곡태양광,0.999,경북,경북 칠곡군
20276,류천에너지태양광,0.903105,경북,경북 영주시 장수면
7466,골든태양광,0.09792,경북,경북 안동시 예안면
56336,정종솔라2호 태양광발전소,0.99324,경북,경북 상주시 내서면
56481,한빛1호태양광,1.49688,경북,경북 군위군 소보면
1486,사리태양광,1.998,경북,경북 영천시 임고면
35116,구미정수장태양광#2,0.520799,경북,경북 구미시 고아읍
66722,예천태양광#1,1.385,경북,경북 예천군 하리면
66372,한빛에너지,0.9936,경북,경북 상주시 외남면
6029,거창태양광,0.92664,경북,경북 상주시 공성면
1220,도촌봉화태양광#2,0.3,경북,경북 봉화군 봉화읍
58720,진양12호태양광,2.97414,경북,경북 문경시 호계면
27385,사벌쏠라랜드태양광,0.5,경북,경북 상주시 사벌면
1502,삼성정공2태양광,0.335,경북,경북 성주군 성주읍
1501,삼성정공1태양광,0.39,경북,경북 성주군 성주읍
62157,코오롱경주태양광,1,경북,경북 경주시 양남면
55292,조문국2호태양광,0.0992,경북,경북 의성군 금성면
35972,승문태양광b,1.42317,경북,경북 영주시 문수면
14354,단비발전소,0.7,경북,경북 안동시 일직면
42340,YES청도태양광,1.72134,경북,경북 청도군 청도읍
9369,그린6태양광,0.49896,경북,경북 영주시 안정면
9520,그린에너지태양광,0.99351,경북,경북 고령군 운수면
2316,죽성솔라태양광,0.99324,경북,경북 포항시 북구
56169,썬가든태양광발전기,2.2041,경북,경북 포항시 남구
2176,일광2태양광,2.004,경북,경북 성주군 수륜면
1962,영광1호태양광,1.996,경북,경북 김천시 남면
40078,양지솔라태양광,0.49,경북,경북 김천시 감문면
55927,남전2호태양광,2.00178,경북,경북 김천시 개령면
1533,상주솔라태양광,1.492,경북,경북 상주시 공검면
1610,성운태양광,0.999,경북,경북 군위군 부계면
2035,우리에너지태양광#1,1.096,경북,경북 안동시 풍산읍
38568,수식리태양광,1.30169,경북,경북 봉화군 물야면
42347,YNES삼원강재태양광,1.14318,경북,경북 포항시 남구
1778,쏠라파워태양광,1.496,경북,경북 영덕군 축산면
40654,에스에스의성태양광,0.489,경북,경북 의성군 안계면
17968,케이스타태양광,0.46,경북,경북 칠곡군 석적읍
11657,김천에너빅스태양광,9.106,경북,경북 김천시 어모면
44404,옥광에너지영덕태양광,0.968,경북,경북 영덕군 영덕읍
65893,백현수상태양광발전소,0.95472,경북,경북 구미시 산동면
2169,익성솔라태양광,0.496339,경북,경북 경산시 용성면
49415,은성쏠라14호 태양광발전소,1.095255,경북,경북 예천군 보문면
2211,재환솔라태양광,0.99324,경북,경북 포항시 북구
1007,제2수송단태양광,3.0912,경북,경북 경산시 남천면
1654,세종솔라5호태양광,0.48,경북,경북 고령군 성산면
1519,삼진영주태양광,0.5,경북,경북 영주시 문수면
30966,선미래의성태양광,0.446,경북,경북 의성군 춘산면
42375,삼백쏠라랜드태양광,0.565,경북,경북 상주시 사벌면
16445,대한메탈1발전소,0.7344,경북,경북 경산시 진량읍
1206,도개태양광1호,1.99764,경북,경북 구미시 도개면
4620,디원2호태양광,0.0975,광주,광주 북구 동운로
1300,디에이치글로벌첨단공장태양광,1.14444,광주,광주 북구 첨단연신로29번길
19803,디와이뱅크2호태양광,0.35,광주,광주 광산구 손재로
19802,디와이뱅크4호태양광,0.4,광주,광주 광산구 손재로
1247,동신실업태양광,0.35,광주,광주 광산구 손재로
2765,현대하이텍태양광발전기,1.45764,광주,광주 광산구 하남산단6번로
1480,빛고을메트로태양광#2,1.668,광주,광주 광산구 옥동
48602,대각에너지태양광발전소,0.69966,광주,광주광역시 광산구 덕림동
15040,대림쏠라태양광,0.999011,광주,광주 광산구 하남산단5번로
1483,빛고을신재생2태양광,1.299,광주,광주 광산구 본덕동
33309,센도리2태양광,0.07936,광주,광주 북구 첨단연신로30번길
50059,해동태양광,1.984,광주,광주 광산구 송치동
53337,YSP A 태양광발전소,0.6336,광주,광주 광산구
951,근영산업1호태양광,0.099,광주,광주 광산구 내동송동길
56465,한국안전원태양광,0.42048,광주,광주 광산구 오선동
560,제이디시에너지,0.34344,광주,광주 북구 첨단벤처로60번길
65973,한국차량공업태양광,1.197,광주,광주 광산구 평동산단
64723,플라텔 태양광 발전기,0.9855,광주,광주 광산구 평동로
56524,왕성테크 태양광발전소,0.28908,광주,광주 광산구 하남산단7번로
69797,첨단태양광,0.748,광주,광주 북구 첨단 연신로
19804,디와이뱅크3호태양광,0.237,광주,광주 광산구 하남산단
61763,카본텍 태양광발전소,0.21384,광주,광주 북구 대촌동
4724,한영피엔에스2호,0.69264,광주,광주광역시 광산구 하남산단7번로
4726,한영피엔에스1호,1.2987,광주,광주광역시 광산구
33858,솔라뱅크태양광,1.497,광주,광주 광산구 덕림동
2175,인팩태양광,0.63529,광주,광주 광산구 평동산단2번로
1643,광주FS1기태양광,0.61776,광주,광주 광산구 하남산단9번로
62387,탑솔라태양광발전소,0.90021,광주,광주 북구 첨단연신로
950,근영산업3호태양광,0.099,광주,광주 광산구 내동송동길
62386,탑솔라2호 태양광발전소,0.24272,광주,광주 북구 첨단연신로30번길
19800,디와이뱅크5호태양광,0.35,광주,광주 광산구 하남 산단로
56249,영창이앤이태양광,0.43416,광주,광주 관산구 평동로
4596,한영정공2호태양광발전기,0.49284,광주,광주 광산구
34436,송주솔텍태양광,0.494,광주,광주 북구 첨단벤처로
4595,한영정공1호태양광발전기,0.49284,광주,광주 광산구
60106,철도솔라5호태양광,0.996,광주,광주 광산구 장수동
1396,민성진곡공장태양광,0.28944,광주,광주 광산구 진곡산단3번로
944,그린테크노파크태양광,1.5,광주,광주 북구 참단과기로
20040,럭키쏠라태양광,1.2144,광주,광주 광산구 평동산단2번로
56483,호원테크공장태양광,1.21806,광주,광주 광산구 평동산단2번로
2131,은하산업 태양광발전소,0.28152,광주,광주 광산구 하남산단1번로
53338,YSP B 태양광발전소,0.8608,광주,광주 광산구
14811,서부하수처리장태양광,5.972,대구,대구 달서구 대천동
56457,피에이치씨 제2태양광,0.89964,대구,대구 달성군 유가면
14812,북부하수처리장태양광,1.167,대구,대구 서구 비산동
14467,달성솔라태양광,1.8,대구,대구 달성군 화원읍
33963,솔라팟태양광,2.172,대구,대구 달서구 달서대로
54581,고산정수장 태양광발전소,0.994175,대구,대구 수성구 노변동
54582,대구국가산단배수지태양광,0.3484,대구,대구 달성군 구지면
14796,세원정공태양광,0.36,대구,대구 달서구 신당동
14800,서변배수지태양광,0.1,대구,대구 북구 서변동
14813,신천하수처리장태양광,0.555,대구,대구 북구 조아로2길
14801,이곡배수지태양광,0.302,대구,대구 달서구 이곡동
14795,비젼지식센터태양광,0.66,대구,대구 달서구 성서공단로
54584,옥포배수지 태양광발전소,0.4264,대구,대구 달성군 옥포면
42964,영일태양광,0.49896,대구,대구 달성군 다사읍
864,경창산업1태양광,0.39,대구,대구 달서구 성서로
61571,대동공업 태양광발전소,2.99884,대구,대구 달성군 농공읍
1892,에스지이엠태양광,0.13668,대구,대구 달서구 달서대로58길
54601,제3대구솔라에너지제2발전,2.09898,대구,대구 달성군 다사읍
2659,한백대구태양광,2.71,대구,대구 동구 검사동
865,경창산업2태양광,0.95,대구,대구 달서구 성서로
54583,문산정수장태양광,0.920075,대구,대구 달성군 다사읍
70322,현풍솔라태양광,0.513,대구,대구 달성군 현풍면
14803,칠곡배수지태양광,0.26,대구,대구 북구 관음동
14799,부곡배수지태양광,0.957,대구,대구 달성군 다사읍
4713,테크엔태양광,0.44928,대구,대구 달성군 구지면
23816,박스뱅크태양광,0.9984,대구,대구 달성군 구지면
2759,현대논공발전소 태양광,0.9936,대구,대구 달성군 논공읍
14802,죽곡정수지태양광,1.342,대구,대구 달성군 다사읍
14797,MJ테크노파크태양광,0.98,대구,대구 달서구 달서대로
16142,월평정수장태양광,1.402,대전,대전 서구 신갈마로
931,종군교태양광,2.531,대전,대전 유성구 자운로
1211,도시환경이엔지태양광,1.198,대전,대전 유성구 테크노2로
2641,대전하수처리장태양광,2.008,대전,대전 유성구 엑스포로
67111,코레일대전태양광,2.356,대전,대전 대덕구 평촌동
55573,노포차량기지태양광,1.693,부산,부산 금정구 노포동
26217,강변사업소태양광,1.807,부산,부산 사하구 을숙도대로
12474,부산복합자재창고태양광,0.187,부산,부산 사하구 감천항로
32921,세방부산신항물류센터 태양광발전소,0.98496,부산,부산 강서구 신항로
26216,화명태양광,0.286,부산,부산 북구 산성로
4063,SANC에너지1호태양광,1.831,부산,부산 기장군 기장읍
1466,비에스케이햇빛발전소,0.4588,부산,부산 기장군 장안읍
12490,부산복합태양광,0.392,부산,부산 사하구 감천동
38049,쌍용전력태양광,0.9421,부산,부산 강서구 마음산단2로
62210,아이오니아1태양광,2.822,부산,부산 강서구 유통단지1로
55572,청호전기태양광,0.633,부산,부산 강서구 미음산단
12470,부산복합태양광2단계,0.50184,부산,부산 사하구 감천항로
12483,부산신항태양광,0.116,부산,부산 강서구 성북동
1449,유니온스틸부산공장태양광,2.706,부산,부산 남구 신선로
42772,영양2태양광발전기,0.49896,부산,부산 해운대구 센텀중앙로
21074,맥그리거코리아태양광,0.465,부산,부산 강서구 지사동
41406,Gridsol화명태양광,0.99792,부산,부산 북구 와석장터로
4598,KTE태양광발전소,0.05092,부산,부산 강서구 논산산업대로
56412,KT부산물류센터 태양광,0.75888,부산,부산 강서구 가달1로
62211,아이오니아2태양광,1.897,부산,부산 강서구 유통단지1로
26230,부산신호르노태양광,6,부산,부산 강서구 르노삼성대로
1448,녹산표준형공장태양광,0.49248,부산,부산 강서구 녹산산단261로
41407,Gridsol부산태양광,0.91188,부산,부산 강서구 화전산단5로
33033,신발산업진흥센터태양광,0.441,부산,부산 강서구 송정동
977,금호태양광발전기,1,서울,서울 강서구 외발산동
68059,만남태양광,0.056,서울,서울 서초구 양재동
30125,개화차량기지태양광,0.99,서울,서울 강서구 개화동
6051,건국대학교제4호태양광,0.1,서울,서울 광진구 능동로
6048,건국대학교경영관태양광,0.0972,서울,서울 광진구 능동로
6049,건국대학교 생명과학관 태양광,0.09792,서울,서울 광진구 능동로
1457,서울나눔발전소1호태양광,2.5,서울,서울 강동구 암사동
62167,코원이에스햇빛송파,1.31544,서울,서울 송파구 장지동
30126,고덕차량기지태양광,0.612,서울,서울 강동구 아리수로
57256,세종태양광1호기,0.32731,세종,세종 금송로 625
29886,수질복원센터태양광,1.5,세종,세종 대평동
1996,오스템세종1호태양광발전기,1.5561,세종,세종 전의면 산단길
61899,케이에너지태양광,2.157,세종,세종
56271,yk에너지9호,2.19184,세종,세종특별자치시 연동면
65582,한반도세종태양광발전기,4.025,세종,세종
62106,KAC전의2공장태양광,1.70424,세종,세종 전의면 산단길
62107,KAC울산물류센터태양광,1.881285,울산,울산 울주군 두서면
65561,태기태양광,0.4,울산,울산 울주군 언양읍
48683,(유)양정태양광1호 태화1호태양광,2.99376,울산,울산광역시 북구 명촌동
56280,공암저수지수상태양광,0.99484,울산,울산 울주군 삼남면
59752,처용솔라2호태양광,0.47736,울산,울산 울주군 청량읍
18272,울산#4CC건물옥상태양광,0.40392,울산,울산 남구 용잠로
2065,고연저수지수상태양광#1,0.93366,울산,울산 울주군 웅촌면
42342,YES동부울산태양광,1.11996,울산,울산 남구 매암동
4711,KCC울산물류센터 태양광발전소,1.86162,울산,울산 울주군 두서면
12502,수산정수사업소태양광,0.998,인천,인천 남동구 수산동
12497,신인천발전본부 해수취수구 태양광,0.9072,인천,인천 서구 장도로
1819,남동정수장태양광,2.93661,인천,인천 남동구 장수동
61890,공촌정수장태양광,1.469,인천,인천 서구 공촌동
51343,IPA북항햇빛태양광,0.95265,인천,인천 서구 원창동
51344,인천항햇빛발전소9,1.43424,인천,인천 서구 원창동
12404,영흥화력태양광#2,0.993,인천,인천 옹진군 영흥면
33859,솔라뱅크강화태양광,1.5,인천,인천 강화군 서도면
19748,인천물류센터태양광,0.245,인천,인천 중구 항동
57240,인천태양광2호기,0.95016,인천,인천 서구 원창동
29860,[서인천]발전부지내 태양광 2단계,0.09045,인천,인천 서구 장도로
61891,영진공사태양광,0.42,인천,인천 중구 신층동3가
33845,신대륙물류 태양광발전소,1.13,인천,인천 중구 축항대로296번길
12479,신인천소내태양광,0.2,인천,인천시 서구 경서동
12472,신인천전망대법사면태양광,1.7423,인천,인천 서구 장도로
426,에너지랜드태양광,0.999,전남,전남 무안군 운남면
12927,남희 태양광,0.49932,전남,전남 해남군 북평면
49435,은성에너지태양광발전,0.59985,전남,전남 완도군 신지면
7410,한천3호 태양광,0.99792,전남,전남 화순군 한천면
32925,SOLVIC2호 태양광발전소,0.72594,전남,전남 광양시 컨부두로
14429,유진북평1호,2.00151,전남,전남 해남군 북평면
58661,썬사랑진도태양광,0.4,전남,전남 진도군 군내면
13444,삼당에코태양광,0.998,전남,전남 진도군 삼당리
44734,온스타1호태양광발전기,0.499275,전남,전남 순천시 서면
2193,장성복합물류태양광,1.854,전남,전남 장성군 서삼면
44631,온누리나주태양광,1.8,전남,전남 나주시 공산면
62782,태성1호태양광,0.0988,전남,전남 고흥군 동강면
56373,찬들태양광,0.9936,전남,전남 해남군 북일면
375,(유)슬아에너지 태양광발전소,0.2964,전남,전남 영암군 삼호읍
33978,솔라필드제5차3호 태양광,0.99072,전남,전남 신안군 도초면
38672,쏠렉영광태양광,1,전남,전남 영광군 법성면
842,거금솔라파크태양광#1,5.354,전남,전남 고흥군
13978,다솔태양광,0.099,전남,전남 고흥군 도덕면
56472,한태연2호,2.5056,전남,전남 광양시 봉강면
65942,신재생나주태양광,0.3,전남,전남 나주시 공산면
2326,장성1호태양광,0.924,전남,전남 장성군 장성읍
64996,하나쏠라익산태양광,0.247,전남,전남 익산시 낭산면
2829,황산태양광#2,0.57834,전남,전남 해남군 황산면
48708,동천2호태양광,1.25,전남,전남 완도군 노화읍
65548,하이에스2호 태양광,0.29784,전남,전남 순천시 서면
41592,여광강진태양광,0.463,전남,전남 강진군 작천면
51364,인포시티1태양광,0.098825,전남,전남 화순군 이양면
21303,명사태양광,0.69552,전남,전남 완도군 신지면
23389,민쏠라에너지태양광,2,전남,전남 신안군 팔금면
18533,동양태양광,0.199875,전남,전남 강진군 강진읍
16321,대창기계태양광,0.099,전남,전남 해남군 황산면
18449,동아영암태양광,0.662,전남,전남 영암군 삼호읍
56500,금성에너지태양광,2.9952,전남,전남 순천시 외서면
50545,이에프영암태양광,0.3,전남,전남 영암군 신북면
45208,연지장흥태양광,0.4,전남,전남 장흥군 대덕읍
26128,부국태양광,0.099,전남,전남 해남군 황산면
62101,코리아에너지발전소8호기,0.063375,전남,전남 영광군 군서면
28740,상록태양광,0.099,전남,전남 해남군 황산면
34179,송덕4호태양광발전소,0.09486,전남,전남 강진군 강진읍
2100,유림솔라태양광,0.9936,전남,전남 장성군 북이면
53324,SUPEX2태양광,1.476,전남,전남 광양시 노이동
474,영지솔라태양광,1.75,전남,전남 해남군 송지면
38589,쏠8호태양광발전소,0.099645,전남,전남 순천시 낙안면
61893,목포샤링태양광,0.325,전남,전남 영암군 삼호읍
17966,한영산업태양광,0.88,전남,전남 영암군 삼호읍
1565,서영아이티태양광,0.902,전남,전남 해남군 황산면
56275,삼구태양광,0.948,전남,전남 해남군 북일면
67901,썬라이즈2호 태양광,0.099,전남,전남 해남군 황산면
18718,동인에너지와우1호태양광,0.99495,전남,전남 나주시 봉황면
48636,(유)봉남리솔라 태양광발전소,0.99856,전남,전남 영광군 염산면
34565,송현 태양광발전소,0.09519,전남,전남 강진군 강진읍
2513,탑인프라영암태양광b,9.95553,전남,전남 강진군 도암면
34178,송덕3호태양광발전소,0.09486,전남,전남 강진군 강진읍
2831,황산태양광#4,0.51597,전남,전남 해남군 황산면
1179,대현영광태양광,0.3,전남,전남 영광군 군남면
16676,대흥태양광,0.6,전남,전남 함평군 손불면
21032,매일태양광,0.496,전남,전남 순천시 서면
6894,계림태양광,0.998,전남,전남 나주시 공산면
37162,신양고흥태양광,0.65,전남,전남 고흥군 도덕면
48700,오솔라에너지발전기,0.49536,전남,전남 순천시 석현동
1523,함평태양광,2,전남,전남 함평군 함평읍
587,진도그린에너지태양광,1.704,전남,전남 진도군 의산면
24875,베스트솔라태양광#2,0.934,전남,전남 해남군 황산면
47474,원호태양광2호,0.582,전남,전남 해남군 황산면
65547,하이에스1호 태양광,0.29784,전남,전남 순천시 서면
2505,탑선전남태양광#2,1.3,전남,전남 해남군 화원면
18792,삼성11호태양광발전소,0.90558,전남,전남 고흥군 두원면
20526,마산태양광발전소,0.49962,전남,전남 해남군 마산면
15778,대양에너지태양광,0.09984,전남,전남 목포시 율도동
15672,대신이엔텍 태양광,0.16555,전남,전남 나주시 반남면
27018,빛가람태양광b,0.496,전남,전남 나주시 봉황면
58662,신동진도태양광,0.399,전남,전남 진도군 군내면
55949,광성물류센터태양광,0.97578,전남,전남 장성군 남면
2090,월출산영암태양광발전,0.348,전남,전남 영암군 영암읍
64851,필정태양광,0.995,전남,전남 화순군 북면
559,정현에너지1호태양광,0.49536,전남,전남 순천시 석현동
49971,의신솔라에너지태양광,1.2,전남,전남 진도군 의신면
19535,드림라인쏠라파워2호 화순2지점,0.5814,전남,전남 화순군 북면
56294,유송태양광,2.31168,전남,전남 해남군 황산면
427,에너지레이크태양광,0.399,전남,전남 곡성군 오산면
68114,해성 태양광,0.0972,전남,전남 함평군 신광면
34320,송암태양광,0.911,전남,전남 함평군 나산면
12886,남해강진제2태양광,2,전남,전남 강진군
4715,삼성9-a호태양광발전소,0.49248,전남,전남 고흥군 두원면
967,금오에너지1호태양광,2.8386,전남,전남 해남군 황산면
62293,큰산태양광,0.397,전남,전남 완도군 신지면
55421,조은태양광,0.099,전남,전남 완도 노화읍
39508,안좌신안존포태양광#2,0.197,전남,전남 신안군 존포리
65729,학산태양광,0.7,전남,전남 함평군 손불면
71732,환경과에너지7호태양광,0.297,전남,전남 보성군 노동면
1592,선일발전태양광,0.099,전남,전남 해남군 황산면
845,거금솔라파크태양광#4,5.075,전남,전남 고흥군
62139,원덕태양광,0.878,전남,전남 장성군 북이면
47475,원호태양광3호,0.582,전남,전남 해남군 황산면
56315,이한산업태양광1호,0.90576,전남,전남 나주시 동수동
10222,금산전력태양광,0.099225,전남,전남 장성군 진원면
38585,쏠17호 태양광발전소,0.099125,전남,전남 순천시 낙안면
5763,강진에너지태양광,0.185,전남,전남 강진군 군동면
2504,탑선전남태양광#1,6.7,전남,전남 해남군 화원면
42376,태인1호태양광,2.903,전남,전남 무안군 무안면
38713,지성태양광,0.22464,전남,전남 광양시 황길동
10526,금월해남태양광,0.489,전남,전남 해남군 옥천면
7667,관마진도태양광,0.8,전남,전남 진도군 지산면
1831,양지태양광b,0.652049,전남,전남 강진군 군동면
16357,대치에너지태양광발전소,0.09858,전남,전남 고흥군 과역면
63768,티에스에너지호동,1.4994,전남,전남 해남군 황산면
41641,여수안포리태양광발전2호,0.09747,전남,전남 여수시 화양면
33239,세창1호태양광,0.49275,전남,전남 목포시 대양산단로
35252,수지1태양광,0.4,전남,전남 남원시 수지면
2023,용방해남태양광,0.9,전남,전남 해남군 산이면
44096,지후 태양광발전소,0.0992,전남,전남 영암군 학산면
53485,삼성2호태양광발전소,0.99792,전남,전남 고흥군 도덕면
63,가온길에너지태양광,2.8197,전남,전남 영광군 백수읍
56420,태곡태양광,0.99864,전남,전남 해남군 송지면
24520,백양보성태양광,2.989,전남,전남 보성군 보성읍
8547,구국태양광,0.497,전남,전남 보성군 노동면
40938,에스피솔라장성태양광,1.305,전남,전남 장성군 삼서면
42761,영암테크노태양광#1,2.584,전남,전남 영암군 삼호읍
447,에이에프영암태양광,0.992,전남,전남 영암군 삼호읍
56136,외입3호태양광,2.69626,전남,전남 해남군 황산면
34215,송림에너텍영광태양광,0.297,전남,전남 영광군 영광읍
24876,베스트솔라태양광#3,7.17,전남,전남 해남군 황산면
48707,은진태양광,0.49536,전남,전남 순천시 석현동
1255,동양고속신안태양광,3,전남,전남 신안군 지도읍
55040,제일산업태양광,0.672,전남,전남 담양군 무정면
2687,한자2호태양광,1.01108,전남,전남 해남군 황산면
53486,삼성9-b호 태양광발전소,0.49248,전남,전남 고흥군 두원면
60192,청강영광태양광,0.3,전남,전남 영광군 군남면
64997,하나에너지장흥태양광,1,전남,전남 장흥군 대덕읍
4674,삼성4호태양광발전소,0.97236,전남,전남 고흥군 도덕면
1445,부곡한양태양광,0.996,전남,전남 해남군 황산면
33968,솔라플러스함평태양광,1.393,전남,전남 함평군 손불면
60595,청암태양광,0.699,전남,전남 해남군 황산면
13684,늘품두드림태양광,0.099,전남,전남 해남군 황산면
9446,그린솔라장흥태양광,0.995,전남,전남 장흥군 장평면
33977,솔라필드제5차1호 태양광,0.99072,전남,전남 신안군 도초면
48718,진상태양광,0.98118,전남,전남 순천시 석현동
56115,테크노파크 목포 본관동 발전소,0.45056,전남,전남 목포시 대양로
2002,옥산이엔지태양광,0.99,전남,전남 곡성군 겸면
63223,태원 태양광발전소,0.20368,전남,전남 영암군 삼호읍
1867,솔라파크태양광발전기,0.7,전남,전남
35119,대불태양광,0.197,전남,전남 무안군 몽탄면
55911,진솔태양광발전소,0.49932,전남,전남 해남군 북일면
640,태양광시열,0.699,전남,전남 해남군 황산면
9479,삼성8-b호태양광발전소,0.46647,전남,전남 고흥군 두원면
2686,한자1호태양광,2.61072,전남,전남 해남군 황산면
48579,물류명가 태양광발전소,1.27872,전남,전남 광약시 항만2로
3517,JJHAE태양광,0.099,전남,전남 고흥군 과역면
48634,보담에너지 태양광발전소,0.998,전남,전남 영암군 삼호읍
56251,예다움태양광발전소,0.40077,전남,전남 해남군 북일면
48647,삼원쏠라텍 태양광발전소,0.99864,전남,전남 순천시 서면
36334,시온유 태양광발전소,0.36288,전남,전남 영암군 학산면
34209,영광송림리태양광,0.099,전남,전남 영광군 영광읍
9478,삼성3호태양광발전소,0.99792,전남,전남 고흥군 도덕면
18732,동일영광태양광,0.697,전남,전남 영광군 군서면
2832,황산태양광#5,0.62937,전남,전남 해남군 황산면
7411,한천2호 태양광,0.99792,전남,전남 화순군 한천면
56305,의수사랑에너지태양광,0.49896,전남,전남 나주시 공산면
4668,엔텍솔라2호태양광발전소,0.49896,전남,전남 여수시 화양면
1068,능성태양광,1.998,전남,전남 장성군 삼계면
15819,대영해남태양광,1,전남,전남 해남군 황산면
42739,영암군대불하수태양광#2,0.2387,전남,전남 영암군 삼호읍
53325,SUPEXF태양광,0.8262,전남,전남 광양시 도이동
40013,양정태양광발전,0.099,전남,전남 영암군 미암면
37767,신호태양광,0.099,전남,전남 해남군 황산면
2082,원호태양광#2,0.60669,전남,전남 해남군 황산면
19724,디솔라나주태양광,0.4,전남,전남 나주시 반남면
39571,알에이보성태양광,0.3,전남,전남 보성군 보성읍
23113,미연쏠라태양광,0.099,전남,전남 해남군 황산면
533,대산쏠라4호태양광,0.49856,전남,전남 순천시 석현동
12171,낙안솔라10호 태양광발전소,0.099125,전남,전남 순천시 낙안면
17281,도고에너지태양광,0.099,전남,전남 해남군 황산면
1885,에스엠에너지태양광,1.998,전남,전남 고흥군 두원면
66740,한승장흥태양광,0.31,전남,전남 장흥군 관산읍
10683,금호1호태양광발전기,0.099,전남,전남 함평군 함평읍
56360,준에너지태양광,2.9952,전남,전남 순천시 외서면
5965,거석태양광발전기,0.31552,전남,전남 담양군 용면
13392,일광태양광,0.976,전남,전남 해남군 황산면
34176,송덕1호태양광발전소,0.09486,전남,전남 강진군 강진읍
1705,수성이앤씨신안태양광,1,전남,전남 신안군 지도읍
10196,금산1호태양광발전기,0.09975,전남,전남 함평군 함평읍
72625,흥양고흥태양광,0.5,전남,전남 고흥군 도화면
53330,화광관춘태양광발전소,0.992775,전남,전남 해남군 황산면
430,에너지팜태양광,0.999,전남,전남 무안군 운남면
30810,선경영암태양광,0.498,전남,전남 영암군 군서면
24874,베스트솔라태양광#1,2.776,전남,전남 해남군 황산면
70870,호성에너지태양광,0.995,전남,전남 화순군 북면
38590,쏠9호태양광발전소,0.099645,전남,전남 순천시 낙안면
48594,내담에너지 태양광발전소,0.39785,전남,전남 영암군 학산면
58376,진도성환태양광,1,전남,전남 진도군 군내면
2045,우실1호태양광,2.956875,전남,전남 해남군 황산면
24324,백경에너지 태양광발전소,0.28908,전남,전남 함평군 해보면
46680,우진태양광c,0.09858,전남,전남 나주시 세지면
2325,백양사태양광,0.441,전남,전남 장성군 북이면
37963,심천태양광,0.298,전남,전남 완도군 신지면
4683,정우엔지니어링태양광,0.1998,전남,전남 장성군 진원면
35672,순천만ECO태양광,0.61056,전남,전남 순천시 국가정원1호길
52419,장산신안태양광#1,1.5,전남,전남 신안군 장산면
48728,(유)청광6호 태양광발전소,0.99856,전남,전남 영광군 염산면
12180,낙안솔라9호 태양광발전소,0.099645,전남,전남 순천시 낙안면
1571,목사동에너지2호태양광,0.9747,전남,전남 곡성군 목사동면
42683,영순태양광발전기,0.49932,전남,전남 여수시 율촌면
13394,디에이치태양광,0.995,전남,전남 보성군 득량면
428,에너지월드태양광,0.999,전남,전남 해남군 송지면
40582,에스디엔광주태양광,0.999,전남,전남
18273,광양항황금물류센터태양광,1.1,전남,전남 광양시 항만7로
53258,재희영암태양광,0.998,전남,전남 영암군 시종면
52888,장흥솔라토피아,0.688,전남,전남 장흥군
46359,우수영해남태양광,1,전남,전남 해남군 화원면
1362,무안그린에너지태양광,1.694,전남,전남 완도군 노화읍
36523,신광태양광,0.099,전남,전남 완도군 노화읍
1254,디와이신안태양광,3,전남,전남 신안군 지도읍
4616,재원1태양광발전소,0.9954,전남,전남 영광군 염산면
48595,(유)너울에너지 태양광발전소,0.4004,전남,전남 영암군 삼호읍
2569,산소2호태양광,2.61072,전남,전남 해남군 황산면
32245,성원쏠라태양광,0.099,전남,전남 해남군 황산면
38719,씨앤피태양광발전,0.099,전남,전남 영암군 미암면
16595,송림영광태양광,0.5,전남,전남 영광군 영광읍
2757,헬리오장성태양광,0.396,전남,전남 장성군 삼계면
18809,동진해남태양광,1,전남,전남 해남군 황산면
53326,SUPEX3A태양광,0.59697,전남,전남 광양시 태인동
3630,JS에너지태양광,0.099,전남,전남 완도군 노화읍
2184,일출솔라에너지태양광,0.9229,전남,전남 나주시 공산면
1587,럭스솔라1호태양광,1.3764,전남,전남 해남군 화산면
318,서호1호태양광,0.99673,전남,전남 순창군 동계면
50549,이엔에스영광태양광,0.299,전남,전남 영광군 군서면
48590,남도에너지 태양광발전소,0.99792,전남,전남 영광군 백수읍
15226,대박3호태양광발전소,0.49962,전남,전남 해남군 마산면
2344,에스태양광#2,0.62937,전남,전남 해남군 황산면
56166,신정솔라태양광,0.9996,전남,전남 해남군 황산면
891,광석고흥태양광,0.995,전남,전남 고흥군 도화면
53327,SUPEX3B태양광,0.19296,전남,전남 광양시 태인동
35635,팔마ECO 태양광발전소,0.498225,전남,전남 순천시 연향동
27923,장성삼계태양광,0.9996,전남,전남 장성군 삼계면
56387,청명해태양광발전기,1.89088,전남,전남 장흥군 장흥읍
7230,고운에너지태양광,0.996,전남,전남 고흥군 두원면
902,광전사태양광,2.994,전남,전남 영광군 백수읍
53328,SUPEX3C태양광,0.49446,전남,전남 광양시 태인동
8718,구슬3 태양광,0.0972,전남,전남 장성군 동화면
53347,강진청자박물관태양광,1.348,전남,전남 강진군 성전면
26548,북평 태양광,0.4992,전남,전남 해남군 북평면
38784,씨케이해남태양광,1,전남,전남 해남군 화원면
65910,광양로지스풀태양광,2.173,전남,전남 광양시 도이동
47998,유니온쏠라에너지태양광,0.39168,전남,전남 완도군 신지면
48652,샛별에너지태양광,0.3978,전남,전남 순천시 주암면
1177,대한철강태양광,0.37107,전남,전남 함평군 해보면
40593,에스비고흥태양광,0.284,전남,전남 고흥군 포두면
103,그린솔라텍태양광,0.388,전남,전남 진도군 고군면
33979,솔라필드제5차2호태양광,0.99072,전남,전남 신안군 도초면
18625,동원강진태양광,1,전남,전남 강진군 도암면
1746,신안성환태양광,1,전남,전남 신안군 지도읍
5944,존포1태양광(옛 존포태양광),0.994,전남,전남 신안군 존포리
63794,한빛태양광a,1.998,전남,전남 완도군 신지면
34180,송덕5호태양광발전소,0.09486,전남,전남 강진군 강진읍
56042,금전햇빛1호태양광,2.00384,전남,전남 화순군 한천면
25431,보성파워텍1호기,0.77824,전남,전남 나주시 동수동
21916,목포문화방송 삼호송신소 제2태양광,0.99684,전남,전남 영암군 삼호읍
42836,영운 태양광,0.0988,전남,전남 광양시 진월면
28299,삼우장흥태양광,0.3,전남,전남 장흥군 대덕읍
38627,쏠라젠나주태양광,0.199,전남,전남 나주시 왕곡면
12253,신안증도태양광,0.8,전남,전남 신안군
21917,목포문화방송 삼호송신소 제1태양광,0.99684,전남,전남 영암군 삼호읍
2462,케이에스피태양광,0.999,전남,전남 순천시 별량면
68078,해성1호태양광발전기,0.099,전남,전남 함평군 함평읍
13488,농촌공진도태양광,0.994,전남,전남 진도군 지산면
2632,하정솔라태양광,1.3,전남,전남 완도군 노화읍
47473,원호태양광1호,0.582,전남,전남 해남군 황산면
2830,황산태양광#3,0.6237,전남,전남 해남군 황산면
112,금성무안태양광,0.3,전남,전남 무안군 몽탄면
48280,유원미래태양광,1.47735,전남,전남 강진군 군동면
54785,제이에너지개발태양광,0.79596,전남,전남 나주시 공산면
69980,현성산업태양광,0.67,전남,전남 완도군 신지면
48737,태연3호 태양광,0.09954,전남,전남 강진군 도암면
291,별량삼숙태양광,0.9984,전남,전남 순천시 별량면
49397,은성3호태양광,1.532,전남,전남 영광군 홍농읍
2343,에스태양광#1,0.62937,전남,전남 해남군 황산면
9529,그린에스앤이태양광,0.096,전남,전남 함평군 해보면
35425,수화에너지,0.97092,전남,전남 강진군 군동면
55940,계웅산업 태양광발전기1,0.49896,전남,전남 보성군 벌교읍
534,대산쏠라7호태양광,0.49856,전남,전남 순천시 석현동
64275,신안파워태양광#1,1.966,전남,전남 신안군 팔금면
962,금산태양광,9,전남,전남 신안군 안좌면
12800,남정영암태양광,0.5,전남,전남 영암군 신북면
56116,테크노파크 순천 본관동 1호 발전소,0.49664,전남,전남 순천시 해룡면
69981,현성에너지태양광,1.646,전남,전남 완도군 신지면
36904,신북영암태양광,0.538,전남,전남 영암군 신북면
22998,미성태양광,0.497,전남,전남 장성군 삼서면
46008,우리영암태양광,0.539,전남,전남 영암군 신북면
16560,대호신안태양광#2,1.913,전남,전남 신안군 팔금면
58243,지효1호태양광발전기,0.099,전남,전남 함평군 함평읍
32069,성실5호태양광발전소,0.24928,전남,전남 함평군 월야면
1402,해남화원장춘태양광,0.348,전남,전남 해남군 화원면
64278,포스코광양태양광,1,전남,전남 광양시 금호동
52420,장산신안태양광#2,1.5,전남,전남 신안군 장산면
77,(유)경호에너지 태양광발전소,0.99792,전남,전남 나주시 다시면
13463,슬찬에너지태양광,1.995,전남,전남 완도군 노화읍
56114,테크노파크 목포 공장동 발전소,0.46592,전남,전남 목포시 대양로
63769,티에스에너지28호태양광,2.7027,전남,전남 해남군 황산면
37642,신태양영암태양광,0.5,전남,전남 영암군 도포면
24997,별량그린에너지 태양광발전소,0.09928,전남,전남 영암군 삼호읍
685,(유)한울에너지 태양광발전소,0.49725,전남,전남 영암군 삼호읍
56104,산나리태양광,2.7048,전남,전남 해남군 황산면
56160,화순태양광,0.99,전남,전남 화순군 춘양면
42762,영암테크노태양광#2,0.717,전남,전남 영암군 삼호읍
56445,한자3호태양광,1.66698,전남,전남 해남군 황산면
20304,리라태양광,0.81648,전남,전남 여수시 화양면
49400,은성산업태양광,0.5394,전남,전남 완도군 신지면
577,주혁태양광,0.3,전남,전남 화순군 동면
13416,도우농산태양광,0.954,전남,전남 해남군 북일면
53323,영암KIC태양광,2.99808,전남,전남 영암군 삼호읍
6814,경훈영광태양광,0.3,전남,전남 영광군 영광읍
1291,디에스쏠라태양광,2.995,전남,전남 영광군 백수읍
56171,썬로드에너지태양광,0.989,전남,전남 해남군 문내면
40020,양주솔라2호태양광,0.099125,전남,전남 순천시 낙안면
53335,(SUPEX 8E)성화산업#2 태양광발전소,0.49959,전남,전남 순천시 장선배기길
56473,해뜸태양광발전소,1.9656,전남,전남 광양시 황길동
10362,금성태양광,1.2,전남,전남 나주시 공산면
48431,유진태양광,0.995,전남,전남 화순군 북면
2702,해남그린에너지태양광,9.49824,전남,전남 해남군 송지면
26856,비오앤태양광,1.397,전남,전남 장성군 동화면
56326,장지태양광,2.5284,전남,전남 해남군 황산면
1963,영광태양광,0.299,전남,전남 영광군 백수읍
71668,화창태양광,0.099,전남,전남 해남군 황산면
1485,봉황태양광,0.496,전남,전남 나주시 봉황면
68082,해성2호태양광발전기,0.099,전남,전남 함평군 함평읍
27886,산호태양광,1.642,전남,전남 영암군 삼호읍
1014,남계태양광,2.003,전남,전남 곡성군 삼기면
1794,아이에스태양광,0.5,전남,전남
15953,대운태양광,0.099,전남,전남 무안군 삼향읍
55500,조현준1호태양광발전소,0.0972,전남,전남 무안군 운남면
48618,든솔에너지,0.39,전남,전남 영암군 삼호읍
53331,씨제이대한통운태양광,1.689,전남,전남 광양시 도이동
13452,정도태양광,0.79,전남,전남 함평군 손불면
41161,삼성6호태양광발전소,0.99864,전남,전남 고흥군 도덕면
19639,득량태양광발전소,0.099,전남,전남 함평군 함평읍
23002,삼성1호태양광발전소,0.99792,전남,전남 고흥군 도덕면
2566,신정솔라2호태양광,2,전남,전남 해남군 황산면
6370,경민 태양광발전소,0.0992,전남,전남 곡성군 목사동면
48663,(유)썬에너팜태양광,0.99792,전남,전남 화순군 한천면
180,더함4호태양광,0.49896,전남,전남 해남군 북일면
21915,목포문화방송 삼호송신소 제3태양광,0.99684,전남,전남 영암군 삼호읍
2828,황산태양광#1,0.59535,전남,전남 해남군 황산면
40689,에스에이치태양광,0.699,전남,전남 해남군 황산면
1980,장성영지태양광,0.9996,전남,전남 장성군 삼계면
60766,청정태양광발전기,0.95046,전남,전남 순천시 별량면
46476,우인에너지태양광,0.49504,전남,전남 화순군 이양면
72978,히라이트영광태양광,0.231,전남,전남 영광군 법성면
2111,라태양광,0.696,전남,전남 영암군 삼호읍
70772,호남축산태양광,1.83,전남,전남 장흥군 관산읍
57241,여수엑스포태양광,2.219,전남,전남 여수시 덕충동
2698,함평쏠라태양광,1,전남,전남 함평군 나산면
56993,준상태양광발전기,0.099,전남,전남 화순군 청풍면
22293,문길태양광,0.06975,전남,전남 순천시 주암면
56512,보현에너지,2.9952,전남,전남 순천시 외서면
846,거금솔라파크태양광#5,2.606,전남,전남 고흥군
440,에스제이에너지태양광,0.49536,전남,전남 순천시 석현동
41237,삼성10호태양광발전소,0.916,전남,전남 고흥군 두원면
2084,원호태양광5호,0.582,전남,전남 해남군 황산면
1883,에스엘영암태양광,0.296,전남,전남 영암군 신북면
9445,그린솔라함평태양광,1,전남,전남 함평군 대동면
64680,프라임제3태양광,0.09519,전남,전남 강진군 강진읍
45665,용운태양광,0.498,전남,전남 보성군 회천면
2085,원호태양광6호,0.582,전남,전남 해남군 황산면
1728,신광나주태양광,0.29,전남,전남 나주시 공산면
16546,대호신안태양광,0.808,전남,전남 신안군 팔금면
50139,이디에이강진태양광,0.5,전남,전남 강진군 성전면
17935,동국태양광,0.09648,전남,전남 함평군 해보면
2256,제이에스영광솔라파크태양광,2.994,전남,전남 영광군 백수읍
72934,희재고흥태양광,0.499,전남,전남 고흥군 포두면
733,화이트에너지태양광발전,0.5,전남,전남 해남군 문내면
13429,동해1호태양광,0.99275,전남,전남 해남군 황산면
41026,아주나주태양광,0.5,전남,전남 나주시 왕곡면
26955,제1비케이에너지,0.5736,전남,전남 곡성군 삼기면
12179,낙안솔라8호 태양광발전소,0.099125,전남,전남 순천시 낙안면
16448,대한미래보성태양광,0.997,전남,전남 보성군 벌교읍
1925,엔에스피영암태양광,0.468,전남,전남 영암군 신북면
36825,신라태양광,0.099,전남,전남 해남군 화산면
13442,복평태양광,1.7,전남,전남 해남군 해남읍
26956,제2비케이에너지,0.5536,전남,전남 곡성군 삼기면
19536,드림라인쏠라파워2호 화순1지점,0.59976,전남,전남 화순군 북면
421,아폴로에너지 태양광발전기,0.49275,전남,전남 나주시 봉황면
1120,대산이엔씨태양광,0.32,전남,전남 함평군 해보면
2081,원호태양광#1,0.39123,전남,전남 해남군 황산면
47453,대호원포태양광,0.196,전남,전남 진도군 고군면
66723,고흥솔라태양광발전소,0.99234,전남,전남 고흥군 동강면
66009,보성1호태양광,1,전남,전남 보성군 득량면
41293,엔에이치고흥태양광,0.975,전남,전남 고흥군 동강면
2437,초포솔라1호태양광,2.919525,전남,전남 해남군 황산면
2345,에스태양광#3,0.59535,전남,전남 해남군 황산면
56118,테크노파크 영암 발전소,0.49664,전남,전남 영암군 삼호읍
48633,벧엘 태양광발전소,0.063875,전남,전남 영암군 삼호읍
34214,송림에너지영광태양광,0.22,전남,전남 영광군 흥농읍
2327,쥴태양광,0.099,전남,전남 장성군 남면
210,디에스에너지태양광,0.954,전남,전남 해남군 북일면
1055,녹색에너지1호태양광,1.26,전남,전남 광양시 도이동
48623,무한에너지 태양광,0.4953,전남,전남 무안군 청계면
34177,송덕2호태양광발전소,0.09486,전남,전남 강진군 강진읍
40380,나주3호태양광,0.828,전남,전남 나주시 공산면
57011,준성태양광,0.696,전남,전남 보성군 복내면
40564,성실3호 태양광발전소,0.99712,전남,전남 영광군 묘량면
1056,녹색에너지2호태양광,0.72,전남,전남 광양시 도이동
1033,남정수상장성태양광,0.283,전남,전남 장성군 삼서면
56385,청명해3호 태양광발전기,0.34821,전남,전남 장흥군 안양면
46621,우주태양광발전기,0.92929,전남,전남 순천시 별량면
48608,대천리1호,0.49987,전남,전남 신안군 압해읍
40877,순천하수처리장태양광,0.996,전남,전남 순천시 교량동
23003,삼성8-a호태양광발전소,0.4536,전남,전남 고흥군 두원면
4669,엔텍솔라4호태양광발전소,0.84888,전남,전남 여수시 화양면
63254,태인강진태양광,0.47,전남,전남 강진군 칠량면
66724,다니엘태양광발전소,0.99864,전남,전남 고흥군 동강면
1202,덕암해남태양광,0.99,전남,전남 해남군 산이면
511,원진에너지 태양광발전소,0.9984,전남,전남 보성군 보성읍
50184,이레태양광,0.09895,전남,전남 고흥군 점암면
9268,균남1호태양광,0.5,전남,전남 순천시 서면
48628,미르 태양광,0.34456,전남,전남 영암군 삼호읍
443,에스지솔라태양광,0.994,전남,전남 신안군 팔금면
56143,송고태양광,2.5872,전남,전남 해남군 황산면
56163,송암2호태양광발전소,0.9954,전남,전남 영광군 염산면
70352,협신태양광,0.999,전남,전남 함평군 나산면
65872,농어촌영암태양광#2,1.492,전남,전남 영암군
1111,대동햇빛태양광,0.998,전남,전남 함평군 대동면
9487,그린쏠라에너지,0.456,전남,전남 함평군 해보면
28169,삼성산업태양광,0.507,전남,전남 완도군 완도읍
1256,동양그린신안태양광,3,전남,전남 신안군 지도읍
471,영원솔라에너지태양광,0.5,전남,전남 구례군 마산면
1671,그린레일태양광,2,전남,전남 함평군 학교면
40937,에스피솔라영광태양광,0.45,전남,전남 영광군 대마면
1916,에코제주에너지태양광,1.623,전남,전남 화순군 이양면
1075,다남솔라태양광,6.886,전남,전남 해남군 황산면
4139,근우태양광발전소,0.099,전남,전남 해남군 문내면
12311,남계고흥태양광,0.4,전남,전남 고흥군 도화면
53336,(SUPEX 7W)성화산업#1 태양광발전소,0.12369,전남,전남 순천시 장선배기길
1122,대성에너지태양광,0.48,전남,전남 영광군 영광읍
51023,이화태양광,0.1984,전남,전남 나주시 왕곡면
36173,승현태양광b,0.099,전남,전남 완도군 신지면
34589,송호2호태양광,0.699,전남,전남 해남군 황산면
22692,미래발전태양광,0.09828,전남,전남 화순군 이양면
48606,대융에너지태양광,0.49476,전남,전남 함평군 함평읍
843,거금솔라파크태양광#2,7.394,전남,전남 고흥군
2691,광양태양광,1.998,전남,전남 광양시 봉강면
53339,YFTZ관리원주차장 태양광발전소,0.4992,전남,전남 순천시 해룡면
38667,쏠라팜장성태양광,0.297,전남,전남 장성군 북일면
51623,일신영광태양광,0.3,전남,전남 영광군 군남면
2459,케이에스쏠라태양광,0.82215,전남,전남 영암군 삼호읍
26245,해남부성태양광,0.5,전남,전남 해남군 옥천면
14502,담양석재태양광,3,전남,전남 담양군 무정면
50137,이디에스 주식회사(1호) 태양광,0.28512,전남,전남 나주시 산포면
56162,송암1호태양광발전소,0.9954,전남,전남 영광군 염산면
56078,보대태양광,2.51076,전남,전남 해남군 황산면
17969,에이치와이중공업태양광,0.99,전남,전남 영암군 삼호읍
650,파워에코태양광,0.998,전남,전남 해남군 문내면
56386,청명해2호 태양광발전기,0.74898,전남,전남 장흥군 안양면
18519,동양에너지신안태양광#2,4.358,전남,전남 신안군 지도읍
545,장성북이일호태양광,0.6,전남,전남 장성군 북이면
58660,진도쏠라태양광#2,0.924,전남,전남 진도군 군내면
39507,안좌신안존포태양광#1,0.197,전남,전남 신안군 존포리
2815,화성에너지태양광,0.99,전남,전남 곡성군 겸면
25369,보생발전소,0.74592,전남,전남 장성군 삼서면
58392,진도솔라에너지태양광,1.2,전남,전남 진도군 의신면
56446,티에스에너지외입태양광,2.75632,전남,전남 해남군 황산면
69316,행정16호태양광,0.09964,전남,전남 남원시 운봉읍
56519,주식회사 송촌에너지 태양광,0.95877,전남,전남 나주시 다시면
48621,동천1호태양광,0.7,전남,전남 완도군 노화읍
24538,백옥태양광발전소,0.099,전남,전남 화순군 춘양면
27170,빛에너지태양광,0.288,전남,전남 나주시 봉황면
2086,원호태양광7호,0.582,전남,전남 해남군 황산면
18268,광양항태양광,2.293,전남,전남 광양시 도이동
1268,동인태양광,2.9952,전남,전남 순천시 외서면
63051,길성태양광,1.61595,전남,전남 완도군 신지면
1489,산소솔라태양광,2.28732,전남,전남 해남군 황산면
27183,빛태양광,0.099,전남,전남 해남군 황산면
65565,장산2호태양광,0.48804,전남,전남 장성군 서삼면
48709,순동태양광,0.36036,전남,전남 해남군 황산면
43899,오복삼 태양광발전소,0.49248,전남,전남 고흥군 풍양면
37758,신혜태양광발전소,0.0312,전남,전남 해남군 해남읍
29692,서광태양광,0.098825,전남,전남 순천시 별량면
14022,다스에너지태양광,0.995,전남,전남 화순군 북면
2083,원호태양광#3,0.58968,전남,전남 해남군 황산면
40021,양주솔라3호 태양광발전소,0.099125,전남,전남 순천시 낙안면
22412,문정태양광,0.234,전남,전남 보성군 노동면
13419,미래농산 4호,0.9711,전남,전남 해남군 산이면
48572,경남2호 태양광발전소,1.554,전남,전남 광양시 태인동
195,도전에너지태양광,0.298,전남,전남 해남군 송지면
57941,지오에너지와우1호태양광,0.98289,전남,전남 나주시 봉황면
6539,경영태양광발전소,0.099,전남,전남 무안군 청계면
33861,솔라벤영광태양광,0.231,전남,전남 영광군 법성면
844,거금솔라파크태양광#3,4.571,전남,전남 고흥군
58663,진도쏠라태양광#1,0.399,전남,전남 진도군 군내면
3898,MJ태양광,0.09984,전남,전남 목포시 율도동
1635,순천제강2기태양광,0.5,전남,전남 순천시 해룡면
4714,삼성5호태양광발전소,0.97236,전남,전남 고흥군 도덕면
48646,삼원썬텍 태양광발전소,0.99864,전남,전남 순천시 서면
49399,은성1호태양광,0.26,전남,전남 여수시 월하동
47958,유나인장흥태양광,0.31,전남,전남 장흥군 관산읍
2747,행복솔라태양광,0.347,전남,전남 영암군 삼호읍
46397,우쏠라에너지태양광,2.004,전남,전남 신안군 팔금면
57071,준태양광,0.09975,전남,전남 고흥군 도화면
47046,원광신안태양광,3,전남,전남 신안군 지도읍
2474,코너지해남태양광,1.2,전남,전남 해남군 해남읍
2604,포에이스태양광,2,전남,전남 해남군 문내면
700,해바라기영암태양광,0.999,전남,전남 영암군 삼호읍
56117,테크노파크 순천 본관동 2호 발전소,0.49664,전남,전남 순천시 해룡면
2046,우실2호태양광,0.89474,전남,전남 해남군 황산면
609,유성태양광발전소,0.29736,전남,전남 순천시 황전면
56316,이한산업제일차 태양광1호,0.918,전남,전남 나주시 동수동
30716,석창에너지태양광발전기,0.318,전남,전남 고흥군 금산면
31633,성남태양광,0.0992,전남,전남 해남군 황산면
2568,산소1호태양광,2.56956,전남,전남 해남군 황산면
9269,균남2호 태양광,0.4964,전남,전남 순천시 서면
56515,선경태양광,2.9952,전남,전남 순천시 외서면
38289,썬레이장흥태양광,1.5,전남,전남 장흥군 관산읍
47476,원호태양광4호,0.582,전남,전남 해남군 황산면
2438,초포솔라2호태양광,0.73787,전남,전남 해남군 황산면
39410,안산강진태양광,1,전남,전남 강진군 도암면
49398,은성4호태양광,0.694,전남,전남 영광군 홍농읍
56272,외입1호태양광,0.99372,전남,전남 해남군 황산면
34296,송암1태양광,0.495,전남,전남 화순군 이양면
49436,은성에너지태양광,0.995,전남,전남 화순군 북면
37923,승덕군서태양광,0.66,전남,전남 영광군 군서면
57595,GD해남태양광,0.499,전남,전남 해남군 황산면
30296,서진13호 태양광발전소,0.99918,전남,전남 고흥군 점암면
55973,네모이엔지태양광,0.73584,전남,전남 나주시 왕곡면
53334,(SUPEX 7E)성화산업#1 태양광발전소,0.15624,전남,전남 순천시 장선배기길
56066,미암우리 6호 PV,0.99324,전남,전남 영암군 미암면
25215,보나태양광,0.288,전남,전남 나주시 봉황면
50138,이디에이영암태양광,0.5,전남,전남 영암군 군서면
38367,썬아이강진태양광,0.487,전남,전남 강진군 칠량면
67307,항아4호에너지태양광,0.97236,전북,전북 순창군 쌍치면
510,원석1호태양광,0.58752,전북,전북 진안군 부귀면
4450,TY1호 태양광,0.09792,전북,전북 정읍시 신태인읍
38727,씨에스쏠라태양광,0.478,전북,전북 정읍시 입암면
60459,청석태양광,0.396,전북,전북 남원시 요천로
64291,포인2태양광,0.099,전북,전북 남원시 보절면
597,참길자동차학원태양광5호,0.099,전북,전북 부안군 부안읍
48696,세이브3호태양광,0.99792,전북,전북 군산시 오식도동
22156,무진장2호태양광발전소,0.49416,전북,전북 진안군 동향면
54171,정읍솔라고창태양광,1.4,전북,전북 고창군 무장면
34299,송암2태양광,0.4998,전북,전북 고창군 흥덕면
48725,인7호태양광발전소,0.98604,전북,전북 남원시 대산면
66279,한빛석남태양광,0.5,전북,전북 고창군 상하면
2389,창수발전소,0.09849,전북,전북 군산시 대야면
56372,진현태양광,0.49742,전북,전북 군산시 임피면
13441,한울태양광발전소,0.9,전북,전북 부안군 동진면
4638,군산베스틸15기태양광,0.46656,전북,전북 군산시 외항로
32983,세영에너지,0.099225,전북,전북 익산시 춘포면
35897,슬기태양광,0.099,전북,전북 부안군 줄포면
46855,운성고창태양광,0.499,전북,전북 고창군 공음면
2701,해나눔태양광발전소,0.7992,전북,전북 김제시 용지면
72695,희망태양광b,0.099,전북,전북 부안군 백산면
43299,영호태양광,0.09747,전북,전북 완주군 구이면
57156,줄포태양광,0.4992,전북,전북 부안군 줄포면
48444,유진태양광발전소,0.099,전북,전북 부안군 보안면
4637,군산베스틸17기태양광,0.62208,전북,전북 군산시 외항8길
2466,케이이디태양광,0.999,전북,전북 정읍시 덕천면
33266,세현2호태양광,0.099,전북,전북 익산시 춘포면
53396,디와이익산1공장태양광,1.428,전북,전북 익산시 팔봉동
69253,행안태양광,0.49818,전북,전북 부안군 행안면
60876,청파태양광발전소,0.99382,전북,전북 고창군 공음면
60172,첨단발전소,0.49896,전북,전북 김제시 공덕면
70635,혜성태양광a,0.099,전북,전북 남원시 대강면
64675,두산솔라파워6호 태양광,2.02824,전북,전북 군산시 동장산로
13069,내척 태양광,0.09845,전북,전북 남원시 내척동
130,남강태양광,0.97416,전북,전북 남원시 대산면
30600,석민태양광,0.099,전북,전북 남원시 보절면
15418,대성1호태양광,0.09911,전북,전북 익산시 덕기동
4636,군산베스틸18기태양광,0.162,전북,전북 군산시 외항1길
34285,송시근태양광발전소PV,0.09911,전북,전북 정읍시 북면
24054,반야태양광,0.09855,전북,전북 부안군 주산면
54571,정희태양광발전소2호,0.099,전북,전북 정읍시 북면
25514,보현1태양광,0.099,전북,전북 남원시 보절면
39105,아이엠8호태양광발전소,0.196735,전북,전북 완주군 봉동읍
4821,가델에너지태양광,0.4896,전북,전북 김제시 용지면
56175,쏠태양광발전,0.991515,전북,전북 진안군 수동리
47505,월곡선창태양광발전,2.99376,전북,전북 장수군 장수읍
24864,베스코태양광 제2호,0.099,전북,전북 임실군 관촌면
2340,군산오식도배수지태양광,0.84,전북,전북 군산시 오식도동
16263,대지산업태양광발전소,0.396,전북,전북 정읍시 정우면
45722,용정태양광2호,0.495,전북,전북 장수군 계북면
66278,한빛봉산태양광,0.35,전북,전북 고창군 고수면
48504,유천태양광발전소,0.29784,전북,전북 부안군 보안면
4623,월승리2호태양광,0.49275,전북,전북 김제시 부량면
49755,은하수태양광,0.696,전북,전북 순창군 구림면
41129,에이케이태양광발전소,0.99382,전북,전북 고창군 공음면
2095,석매1호태양광,0.99176,전북,전북 익산시 함열읍
13391,드림팜태양광,0.398,전북,전북 부안군 보안면
2339,군산나우배수지태양광,0.59,전북,전북 군산시 소룡동
58703,진안황금7호태양광,0.0988,전북,전북 진안군 부귀면
37094,신신솔라태양광,3.2,전북,전북 군산시 오식도동
67366,해기태양광,0.099,전북,전북 부안군 줄포면
7,온누리태양광발전소,0.099,전북,전북 김제시 황산면
40876,에스케이디앤디남원태양광,0.685,전북,전북 남원시
29885,군산복합2단계태양광,0.68608,전북,전북 군산시 구암로
4622,월승리1호태양광,0.49275,전북,전북 김제시 부량면
70985,호재2호태양광,0.09918,전북,전북 익산시 황등면
66991,한율1호태양광,0.099,전북,전북 익산시 함라면
41502,엠엘에너지,0.099,전북,전북 진안군 상전면
1642,군산베스틸7기태양광,0.24948,전북,전북 군산시 외항로
46265,우산태양광발전소,0.099,전북,전북 김제시 오정동
56266,와이즈솔라군산태양광,1.9,전북,전북 군산시
51190,인성태양광,0.09856,전북,전북 김제시 성덕면
62052,켄스태양광,0.495,전북,전북 부안군 줄포면
57006,준성원에너지,0.09916,전북,전북 임실군 오수면
33068,세이브태양광,0.98496,전북,전북 군산시 오식도동
1932,엔트웰2태양광,1.696319,전북,전북 남원시 주천면
33925,솔라캠퍼스군산태양광,2.988,전북,전북 군산시 소룡동
52391,장미태양광,0.19908,전북,전북 부안군 줄포면
9038,군하산업 태양광발전소,1.48368,전북,전북 군산시 산단남북로
68325,해오름태양광발전소a,0.69888,전북,전북 부안군 계화면
56747,주천행복태양광,0.0988,전북,전북 진안군 주천면
49479,은숙태양광발전소,0.078,전북,전북 정읍시 북면
21291,명문태양광,0.099,전북,전북 남원시 보절면
22615,미래-2 태양광발전소,0.49654,전북,전북 정읍시 북면
62163,코원이에스햇빛발전기(군산),0.756,전북,전북 군산시 오식도동
47504,월곡남양발전소,1.9908,전북,전북 장수군 천천면
596,참길자동차학원태양광3호,0.099,전북,전북 부안군 부안읍
43323,영화태양광발전소,0.099,전북,전북 김제시 순동
48704,장판11호태양광,0.9954,전북,전북 장수군 천천면
64844,진안황금3호태양광발전소,0.0988,전북,전북 진안군 부귀면
1897,에이드김제태양광,0.5,전북,전북 김제시 황산면
64529,풍경태양광,0.09975,전북,전북 군산시 성산면
69495,헬파이어 태양광발전소(PV),0.0994,전북,전북 정읍시 신태인읍
48687,청정태양광발전소_PV,0.49896,전북,전북 정읍시 감곡면
25228,보덕5호태양광발전기,0.08064,전북,전북 군산시 대야면
32091,성심태양광,0.099,전북,전북 남원시 대강면
66218,한민3 태양광발전소,0.099,전북,전북 장수군 계북면
30957,선명태양광발전소,0.49896,전북,전북 부안군 보안면
32501,성진태양광,0.099,전북,전북 진안군 백운면
66118,한라2호 태양광,0.09928,전북,전북 김제시 연정동
3957,MY태양광 제4호,0.099,전북,전북 임실군 관촌면
38743,새만금햇빛누리태양광,10.872,전북,전북 군산시 새만금
40932,에스플랜트부안태양광,1.285,전북,전북 부안군 주산면
63987,패스오버에너지태양광,0.25092,전북,전북 김제시 용지면
1583,석포고창태양광,0.732,전북,전북 고창군 공음면
7306,고창솔라태양광#3,3,전북,전북 고창군 흥덕면
56000,JS1SSPP태양광,0.99756,전북,전북 장수군 번암면
2328,지구정읍태양광,0.986,전북,전북 정읍시 북면
58705,진안황금9호태양광,0.0988,전북,전북 진안군 부귀면
29343,새만금솔라에너지태양광발전소,4.99977,전북,전북 군산시 자유무역3길
66992,한율2호태양광,0.0988,전북,전북 익산시 함라면
34336,송옥순태양광발전기,0.495,전북,전북 김제시 공덕면
56499,구룡제2발전소,0.93,전북,전북 진안군 진안읍
56478,HD태양광발전기1호,0.1782,전북,전북 정읍시 신정길
58190,지현태양광발전소,0.079,전북,전북 정읍시 북면
66666,한솔클린에너지태양광,0.99945,전북,전북 장수군 장수읍
48639,사선태양광,0.4356,전북,전북 임실군 관촌면
43032,영주태양광,0.0999,전북,전북 김제시 용지면
69214,행복태양광d,0.4896,전북,전북 김제시 용지면
56489,대죽A태양광,0.4,전북,전북 부안군 백산면
48743,영화태양광발전소_PV,0.49896,전북,전북 정읍시 감곡면
2593,평산고창태양광,0.4,전북,전북 고창군 고창읍
56467,한글라스태양광발전,1.99728,전북,전북 군산시 소룡동
48731,(유)청향에너지 태양광발전소,0.49654,전북,전북 정읍시 태인면
39107,아이엠성수1호태양광,0.792,전북,전북 진안군 성수면
7920,광명태양광,0.099,전북,전북 김제시 봉남면
51507,일권태양광발전소,0.09928,전북,전북 익산시 황등면
69097,행복태양광,0.09928,전북,전북 김제시 만경읍
25516,보현2태양광,0.099,전북,전북 남원시 보절면
29750,서남순창태양광,1,전북,전북 순창군 팔적면
28700,상동태양광발전소,0.09916,전북,전북 정읍시 북면
44862,와룡태양광,0.09945,전북,전북 김제 용지면
11693,김택동.송명희태양광,0.396,전북,전북 정읍시 정우면
71978,황산1호태양광,0.099,전북,전북 김제시 공덕면
53912,정승기1호태양광,0.099,전북,전북 정읍시 입암면
1641,군산베스틸6기태양광,2.11464,전북,전북 군산시 외항로
1096,신평가덕태양광,0.868,전북,전북 임실군 신평면
61889,대유신소재태양광,0.701,전북,전북 완주군 봉동읍
48658,송이용지태양광,0.4896,전북,전북 김제시 용지면
6749,경천태양광,0.0972,전북,전북 남원시 대산면
3631,유일순창태양광,0.77,전북,전북 순창군 복흥면
56174,썬플라워태양광,0.49742,전북,전북 군산시 임피면
63411,태평태양광,0.95304,전북,전북 남원식 광치동
12833,남천태양광,0.09044,전북,전북 완주군 소양면
4634,군산베스틸12기태양광,0.43416,전북,전북 군산시 외항로
1054,정읍태곡1호태양광,0.99,전북,전북 정읍시 북면
49464,은송예빈태양광발전소,0.099375,전북,전북 남원시 운봉읍
3743,KH에너지,0.0954,전북,전북 남원시 수지면
59968,천일부안태양광#3,0.498,전북,전북 부안군 줄포면
38148,써니에너지태양광,0.8768,전북,전북 완주군 운주면
24865,베스코태양광 제4호,0.099,전북,전북 임실군 관촌면
70749,호남1호태양광,0.09918,전북,전북 익산시 황등면
32087,성심에너지PV,0.4968,전북,전북 익산시 춘포면
4652,썬하이텍태양광발전소,0.99382,전북,전북 고창군 공음면
70984,호재1호태양광,0.09918,전북,전북 익산시 황등면
29502,샘골1호태양광발전소,0.8294,전북,전북 남원시 덕과면
48714,우주2호태양광발전기,0.49446,전북,전북 장수군 계북면
35105,고산정수장태양광,0.507,전북,전북 완주군 고산면
12989,내동태양광발전기,0.894,전북,전북 순창군 금과면
23655,바른빛에너지태양광,0.496375,전북,전북 인산시 춘포면
48656,세이브에너지2호태양광,0.81648,전북,전북 군산시 오식도동
56210,에스앤퓨처태양광발전소,0.9856,전북,전북 전주시 덕진구
5467,강고태양광,0.99264,전북,전북 정읍시 고부면
7305,고창솔라태양광#2,3,전북,전북 고창군 흥덕면
1834,양지고창태양광,0.392,전북,전북 고창군 대산면
5283,갈마태양광,0.99705,전북,전북 정읍시 감곡면
601,참솔라태양광,0.5,전북,전북 고창군 부안면
51407,인희태양광,0.099,전북,전북 부안군 줄포면
72363,효정태양광,0.098,전북,전북 김제시 상동동
64791,피에스솔라1호 태양광발전기,0.99045,전북,전북 김제시 봉남면
63087,태영정읍태양광,0.273,전북,전북 정읍시 북면
56340,진안황금4호태양광발전소,0.0988,전북,전북 진안군 부귀면
40352,남창리태양광,1.496,전북,전북 남원시 수지면
636,동연1호태양광발전,0.998865,전북,전북 익산시 황등면
1767,정읍솔라파크주산태양광,0.294,전북,전북 정읍시 이평면
50830,이진혁1호태양광,0.49275,전북,전북 부안군 줄포면
19509,드림1호 태양광,0.09928,전북,전북 정읍시 북면
7307,고창솔라태양광#1,3,전북,전북 고창군 흥덕면
15942,대운2호태양광,0.099,전북,전북 군산시 서수면
19626,드림태양광b,0.099,전북,전북 남원식 대강면
25226,보덕3호태양광발전기,0.09968,전북,전북 군산시 대야면
6228,검디태양광발전소1호,0.99,전북,전북 정읍시 고부면
66092,한들1호태양광,0.99792,전북,전북 장수군 장수읍
34644,수경2호태양광발전소,0.0988,전북,전북 남원시 인월면
34642,수경1호태양광발전소,0.0988,전북,전북 남원시 인월면
17189,덕천태양광,0.0988,전북,전북 정읍시 덕천면
18688,동은태양광,0.09855,전북,전북 김제시 도장동
58700,진안황금2호태양광,0.0988,전북,전북 진안군 부귀면
15026,대리은하1호_태양광,0.099,전북,전북 임실군 신평면
48742,패스오버태양광,0.637875,전북,전북 익산시 왕궁면
56277,우재태양광발전소,0.99382,전북,전북 고창군 공음면
1638,군산제강3기태양광,0.54417,전북,전북 군산시 자유무역로
31776,성두태양광,0.09792,전북,전북 정읍시 입암면
66217,한민2 태양광발전소,0.099,전북,전북 장수군 계북면
56299,은성푸드태양광발전소,0.09856,전북,전북 인산시 여산면
48726,인태양광발전소,0.95634,전북,전북 남원시 대산면
23075,미숙 태양광,0.09933,전북,전북 익산시 춘포면
106,그린환경건설태양광,0.9319,전북,전북 남원시 대강면
35260,수지4태양광,0.298,전북,전북 장수군 천천면
69389,향상기업태양광발전소,0.99207,전북,전북 군산시 가도안2길
39921,양사태양광발전소,0.099,전북,전북 김제시 순동
48701,와이엔비태양광,0.3396,전북,전북 군산시 산단동서로
56022,군산디티에스태양광발전소,1.73196,전북,전북 군산시 자유무역2길
15027,대리은하2호태양광,0.099,전북,전북 임실군 신평면
598,참길자동차학원태양광4호,0.099,전북,전북 부안군 부안읍
31939,성산3호태양광,0.0992,전북,전북 부안군 보안면
41542,엠제이태양광,0.0988,전북,전북 전주시 덕진구
48604,대신1호태양광발전소,0.99712,전북,전북 장수군 계북면
34862,수산태양광,1.59,전북,전북 군산시 옥구읍
895,광고창태양광,0.3,전북,전북 고창군 흥덕면
36027,승연태양광발전소,0.0988,전북,전북 김제시 백산면
2589,팜스코태양광#5,0.782,전북,전북 익산시 낭산면
66280,한빛괴치태양광,0.6,전북,전북 고창군 성송면
43854,오메가태양광발전기,0.9992,전북,전북 순창군 풍산면
26182,부메랑태양광,0.6919,전북,전북 군산시 오식도동
18753,셉코동연태양광,0.099,전북,전북 익산시 황등면
48605,대신2호태양광발전소,0.99712,전북,전북 장수군 계북면
54559,정희태양광발전소,0.09937,전북,전북 남원시 대강면
2681,한양고창태양광,1.106,전북,전북 고창군 부안면
7277,고창솔라태양광#5,3,전북,전북 고창군 흥덕면
63198,김태욱태양광,0.396,전북,전북 정읍시 정우면
48715,우주3호태양광발전기,0.49446,전북,전북 장수군 계북면
53440,전주MBC이서태양광,2.06226,전북,전북 완주군 이서면
19163,두남태양광,0.099,전북,전북 남원시 대강면
58702,진안황금6호태양광,0.0988,전북,전북 진안군 부귀면
1639,군산베스틸4기태양광,2.42352,전북,전북 군산시 외항로
53395,디와이익산2공장태양광,0.5032,전북,전북 익산시 팔봉동
48645,(유)삼남2호에너지 태양광발전소,0.98154,전북,전북 진안군 상전면
784,KSE 태양광,0.978,전북,전북 임실군 관촌면
56456,피앤디솔라 수상태양광발전소,18.68832,전북,전북 군산시 비응도동
18654,군산테크팩태양광,1.63296,전북,전북 군산시 소룡동
29797,서리태양광,0.09918,전북,전북 김제시 금산면
134,내일에너지태양광,0.99,전북,전북 김제시 황산면
4607,장신태양광,0.98384,전북,전북 김제시 용지면
42246,영광태양광발전소,0.09928,전북,전북 완주군 이서면
26612,BEP가실리태양광,0.1776,전북,전북 김제시 진봉면
30397,서해에너지임실태양광,0.994,전북,전북 임실군
1082,다우장교리태양광발전소,0.48742,전북,전북 남원시 운봉읍
25222,보담태양광발전소,0.9702,전북,전북 부안군 보안면
513,월곡1호태양광,0.99693,전북,전북 장수군 천천면
48778,해마루3호태양광,0.72576,전북,전북 정읍시 입암면
13665,늘푸른태양광,0.4968,전북,전북 김제시 용지면
65885,계화2발전소,0.95256,전북,전북 부안군 계화면
45723,용정태양광4호,0.49664,전북,전북 장수군 계북면
31495,섬진태양광,0.099,전북,전북 남원시 대강면
455,하늘빛태양광,1.43,전북,전북 익산시 낭산면
279,부안그린태양광,0.496,전북,전북 부안군 백산면
1306,디엔아이장교리태양광발전소,0.4968,전북,전북 남원시 운봉읍
56188,아시아2호태양광,1.09208,전북,전북 완주군 봉동읍
181,덕암쏠라파크발전기,0.4968,전북,전북 임실군 신평면
60497,청솔태양광발전기,0.90272,전북,전북 순창군 풍산면
29313,새론태양광발전소,0.1971,전북,전북 김제시 신곡동
38668,쏠라퓨처고창태양광,0.3,전북,전북 고창군 해리면
41299,엔와이태양광,0.09828,전북,전북 전주시 덕진구
54169,MG정읍태양광발전소2호,0.327275,전북,전북 정읍시 북면
28769,상림태양광,0.09947,전북,전북 부안군 보안면
1110,대동부안태양광,0.699,전북,전북 부안군 줄포면
66095,한들2호태양광,0.997,전북,전북 장수군 장수읍
48713,우주1호태양광발전기,0.49446,전북,전북 장수군 계북면
54707,진안황금10호태양광발전소,0.0988,전북,전북 진안군 부귀면
1730,DH태양광,0.83049,전북,전북 전주시 덕진구
48644,(유)삼남1호에너지 태양광발전소,0.98154,전북,전북 진안군 상전면
67794,해맑은태양광발전소,0.09702,전북,전북 김제시 용지면
71560,화연태양광,0.099,전북,전북 남원시 보절면
25227,보덕4호태양광발전기,0.09968,전북,전북 군산시 대야면
56480,현수물산태양광발전소,0.99382,전북,전북 고창군 공음면
70751,호남2호태양광,0.09918,전북,전북 익산시 황등면
58701,진안황금5호태양광,0.0988,전북,전북 진안군 부귀면
23670,바우네태양광,0.0988,전북,전북 진안군 주천면
4642,군산베스틸9기태양광,0.92016,전북,전북 군산시 외항로
169,대신정읍태양광,0.3,전북,전북 정읍시 덕천면
31828,성민태양광발전소,0.49896,전북,전북 부안군 보안면
4639,군산베스틸8기태양광,0.98496,전북,전북 군산시 외항로
71981,황산2호태양광,0.099,전북,전북 김제시 공덕면
63641,토탈장수태양광,1.234,전북,전북 장수군 산서면
22791,태웅태양광발전소_PV,0.49896,전북,전북 정읍시 감곡면
41949,연일태양광발전소,0.09996,전북,전북 김제시 황산동
45721,용정태양광1호,0.495,전북,전북 장수군 계북면
1768,정읍솔라파크청량태양광,0.398,전북,전북 정읍시 이평면
37559,신천정읍태양광,0.25,전북,전북 정읍시 소성면
53518,정가태양광,0.0992,전북,전북 군산시 서수면
26906,BJ SSP 태양광,0.09842,전북,전북 장수군 계북면
46725,우포태양광발전소,0.25623,전북,전북 부안군 줄포면
1640,군산베스틸5기태양광,0.64746,전북,전북 군산시 외항로
35109,고산(정)침전지태양광,0.089,전북,전북 완주군 고산면
53135,재진태양광발전소,0.099,전북,전북 정읍시 북면
53391,한국야스나가태양광,1.35864,전북,전북 익산시 삼기면
58704,진안황금8호태양광,0.0988,전북,전북 진안군 부귀면
38935,후암1호태양광,0.09928,전북,전북 정읍시 북면
1922,엔알이부안태양광,0.433,전북,전북 부안군 주산면
25972,봉춘2호에너지,0.099,전북,전북 임실군 삼계면
65883,계화4발전소,0.95256,전북,전북 부안군 계화면
110,익산태양광,0.99,전북,전북 익산시 망성면
1729,SDH태양광,0.53599,전북,전북 전주시 덕진구
1645,군산L_S1기태양광,0.297,전북,전북 군산시 외항로
29235,상현 태양광,0.09918,전북,전북 김제시 청하면
56443,티디씨에너지1호태양광,0.099,전북,전북 완주군 이서면
33268,세현3호태양광,0.0992,전북,전북 군산시 서수면
1769,정읍솔라파크창동태양광,0.396,전북,전북 정읍시 이평면
54168,MG정읍태양광발전소1호,0.094875,전북,전북 정읍시 중앙1길
14718,대광2호태양광,0.099,전북,전북 고창군 해리면
38073,써니고흥태양광,0.299,전북,전북 고흥군 포두면
4696,주왕1호태양광,0.099,전북,전북 전주시 덕진구
34646,수경3호태양광발전소,0.0988,전북,전북 남원시 인월면
56187,아시아3호태양광,0.09702,전북,전북 완주군 봉동읍
59979,천일부안태양광#2,0.743,전북,전북 부안군 보안면
69479,헥스부안태양광,0.55,전북,전북 부안군 주산면
66277,한빛덕암태양광,0.75,전북,전북 고창군 공음면
2216,전주솔라태양광,2,전북,전북 전주시 완산구
599,참길자동차학원태양광1호,0.099,전북,전북 부안군 부안읍
4924,가비태양광,0.2448,전북,전북 김제시 용지면
1810,아폴로정읍감곡태양광,0.397,전북,전북 정읍시 감곡면
55997,행복태양광발전소_PV,0.49896,전북,전북 정읍시 감곡면
61892,세아베스틸태양광,2.14,전북,전북 군산시 소룡동
4650,진안황금태양광발전소,0.0988,전북,전북 진안군 부귀면
30968,선미태양광발전소,0.099,전북,전북 남원 대산면
267,백마태양광,0.49848,전북,전북 정읍시 산외면
65884,계화3발전소,0.95256,전북,전북 부안군 계화면
24675,DS부안태양광,1.13,전북,전북 부안군 행안면
29181,상천태양광,0.099225,전북,전북 임실군 신평면
1757,써니정읍태양광,0.248,전북,전북 정읍시
50532,이안태양광발전,0.13968,전북,전북 익산시 무왕로
60648,청용태양광,0.396,전북,전북 남원시 요천로
10015,금능1호태양광,0.49536,제주,제주 제주시 한림읍
21458,명원1호태양광,0.099,제주,제주 서귀포시 성산읍
19246,두못개태양광발전소,0.09842,제주,제주 제주시 한경면
72928,희윤5태양광,0.09928,제주,제주 서귀포시 성산읍
45582,용수태양광,0.099,제주,제주 제주시 한경면
43476,예빛태양광,0.25,제주,제주 서귀포시 대정읍
67064,한일태양광,0.25192,제주,제주 서귀포시 성산읍
18910,동캐1호태양광,0.099,제주,제주 서귀포시 대정읍
4863,가람태양광발전소,0.2444,제주,제주 제주시 구좌읍
36506,신광2호태양광,0.66339,제주,제주 서귀포시 남원읍
42188,영관 태양광발전소,0.40176,제주,제주특별자치도 제주시 애월읍
24848,베누스태양광,0.03,제주,제주 제주시 애월읍
2898,365일에너지,0.47232,제주,제주 제주시 한경면
1269,제주동진태양광,0.5,제주,제주 서귀포시 대정읍
20442,마루왓3호태양광,0.09928,제주,제주 제주시 한림읍
7603,공혁태양광발전소,0.19872,제주,제주 제주시 한림읍
24682,뱀부 태양광,0.25038,제주,제주 제주시 조천읍
20443,마루왓4호태양광,0.09928,제주,제주 제주시 한림읍
66336,한빛9태양광,0.1168,제주,제주 제주시 회천동
69571,현경태양광,0.09972,제주,제주 제주시 연사2길
13832,다람태양광발전소,0.20128,제주,제주 제주시 애월읍
24270,배명태양광발전소,0.09828,제주,제주 제주시 한경면
51613,일신1호태양광발전소,0.09936,제주,제주 제주시 한림읍
59239,건웅쏠라태양광발전소,0.0972,제주,제주 서귀포시 성산읍
49455,은성태양광,0.49275,제주,제주 제주시 조천읍
7120,고산3호태양광,0.099,제주,제주 제주시 한경면
1544,서광신도태양광,0.302,제주,제주 서귀포시 대정읍
64314,표선2호 태양광,0.09828,제주,제주특별자치도 서귀포시 표선면
57759,지성태양광발전소,0.2592,제주,제주 서귀포시 안덕면
56356,제주오름태양광,0.39294,제주,제주특별자치도 제주시 월평동
48884,윤서3태양광,0.09792,제주,제주 제주시 회천동
1531,상은태양광,2.99646,제주,제주 서귀포시 표선면
47890,유강플랜트태양광,0.98496,제주,제주 제주시 한경면
56771,주현3호태양광,0.2997,제주,제주 서귀포시 대정읍
44914,와이솔라4호태양광발전소,0.09936,제주,제주 제주시 조천읍
66080,한동2호 태양광발전소,0.09928,제주,제주 제주시 구좌읍
56332,상곤태양광,0.0975,제주,제주 제주시 한경면
67661,해든햇빛태양광,0.1998,제주,제주 서귀포시 대정읍
13526,누리태양광발전소,0.14976,제주,제주 서귀포시 성산읍
61828,케이그린19호 태양광발전소,0.34944,제주,제주특별자치도 제주시 애월읍
70206,현준태양광,0.098,제주,제주 제주시 한림읍
41135,케이그린2호태양광,0.496375,제주,제주 서귀포시 성산읍
48883,윤서2태양광,0.09792,제주,제주 제주시 회천동
4691,89호태양광,0.92456,제주,제주 서귀포시 남원읍
65408,하산태양광,0.099,제주,제주 서귀포시 대정읍
1838,어음태양광,0.42525,제주,제주 제주시 애월읍
1157,대은계전태양광,0.03,제주,제주 제주시 첨단로
61962,케이엠태양광발전소,0.099,제주,제주 서귀포시 성산읍
60083,천혜태양광b,0.099,제주,제주 제주시 한경면
22376,문영2 태양광발전소,0.08424,제주,제주특별자치도 서귀포시
54145,정율1호태양광,0.2992,제주,제주 서귀포시 성산읍
72180,회천태양광발전소,0.2484,제주,제주 제주시 회천동
70139,현일태양광발전소,0.099,제주,제주 서귀포시 성산읍
47822,위미태양광b,0.70308,제주,제주 서귀포시 남원읍
33526,소민태양광,0.31104,제주,제주 제주시 화북이동
44913,와이솔라3호태양광발전소,0.09936,제주,제주 제주시 조천읍
56769,주현2호태양광,0.09936,제주,제주 서귀포시 대정읍
57809,지아태양광,0.09916,제주,제주 제주시 회천동
32116,성애태양광발전소,0.0975,제주,제주 제주시 한경면
567,제주늘해랑 태양광 발전소,2.19672,제주,제주 서귀포시 성산읍
18911,동캐2호태양광,0.099,제주,제주 서귀포시 대정읍
34664,수경태양광발전소,0.17952,제주,제주 서귀포시 대정읍
1545,서광무릉태양광,0.518,제주,제주 서귀포시 대정읍
22030,무릉중앙태양광,0.497,제주,제주 서귀포시 대정읍
47821,위미태양광,0.5,제주,제주 서귀포시 남원읍
58579,무릉1태양광,0.4464,제주,제주 서귀포시 대정읍
21245,명도암마을회태양광,0.137,제주,제주 제주시 봉개동
36505,신광1호태양광,0.69741,제주,제주 서귀포시 남원읍
56756,주한 태양광,0.19943,제주,제주 서귀포시 강정동
48117,유민2태양광발전소,0.09945,제주,제주 제주시 애월읍
59354,창금2호태양광,0.09916,제주,제주 조천읍 함덕리
43312,영화에너지,0.09984,제주,제주 서귀포시 표선면
67648,해든에너지5,0.0994,제주,제주 제주시 한경면
973,금학일태양광,1.497,제주,제주 서귀포시 남원읍
5640,강석1호태양광,0.099,제주,제주 서귀포시 남원읍
61842,케이디이태양광,0.03,제주,제주 서귀포시 호근북로
72929,희윤2태양광,0.099,제주,제주 서귀포시 성산읍
19010,동현햇빛 발전기,0.46008,제주,제주 서귀포시 안덕면
23280,민경1호태양광,0.0994,제주,제주 서귀포시 분토왓로174번길
8754,구억태양광발전소,0.29835,제주,제주 서귀포시 대정읍
56666,주원태양광,0.08976,제주,제주 제주시 애월읍
61350,춘규태양광,0.098,제주,제주 제주시 한림읍
5952,거북태양광발전소,0.4995,제주,제주특별자치도 서귀포시 표선면
51184,인성리마을회태양광,0.059,제주,제주 서귀포시 대정읍
30840,선경1호태양광,0.0994,제주,제주 서귀포시 서홍동
2282,18호태양광발전소,0.69888,제주,제주 제주시 한림읍
4690,46호태양광발전소,1.288,제주,제주 서귀포시 성산읍
49448,은성2호태양광,0.29565,제주,제주 제주시 조천읍
29100,상익1호태양광,0.075,제주,제주 서귀포시 표선면
62972,JJ태양광발전소,0.24,제주,제주 제주시 구좌읍
49364,은서태양광,0.098,제주,제주 서귀포시 대정동
56035,맑은제주태양광,0.49536,제주,제주특별자치도 제주시 월평동
65985,한국탄소배출권거래소태양광,2.99646,제주,제주 서귀포시 표선면
4688,131호태양광,0.455,제주,제주특별자치도 서귀포시 남원읍
23366,민솔라6호태양광발전소,0.09906,제주,제주 제주시 조천읍
46172,우리태양광발전소,0.497,제주,제주 제주시 조천읍
19114,두강봉태양광,0.2992,제주,제주 제주시 한경면
49329,은빈냉동태양광,0.099,제주,제주 제주시 토평공단로
72926,희윤태양광,0.09928,제주,제주 서귀포시 성산읍
55190,하예1호태양광,0.45,제주,제주 서귀포시 하예동
1543,서광동일태양광,0.55,제주,제주 서귀포시 대정읍
20006,란 태양광,0.1971,제주,제주 서귀포시 대정읍
39627,알파태양광,0.099,제주,제주 제주시 애월읍
55168,제주마을태양광,0.0792,제주,제주 서귀포시 토평공단로
34229,송림태양광a,0.9984,제주,제주 제주시 구좌읍
55165,도련정수장태양광,0.216,제주,제주 제주시 하북이동
339,케이그린1호태양광,0.496375,제주,제주 서귀포시 성산읍
45993,우람태양광,0.1,제주,제주 서귀포시 안덕면
56317,일광쏠라 태양광발전소,0.49932,제주,제주 서귀포시 성산읍
49285,은광태양광,0.09928,제주,제주 서귀포시 대정읍
30066,서영2호태양광,0.0936,제주,제주 제주시 해안동
66483,한사랑2호태양광,0.099,제주,제주 제주시 외도일동
69212,행복태양광b,0.094,제주,제주 서귀포시 대정읍
21477,명월햇빛2호태양광발전소,0.09916,제주,제주 제주시 한림읍
7114,고산1호태양광,0.099,제주,제주 제주시 한경면
56502,금학사호태양광발전소,0.5994,제주,제주 서귀포시 성산읍
25513,보현태양광발전소,0.99234,제주,제주 제주시 구좌읍
55181,신재생에너지홍보관주차장태양광,0.09971,제주,제주 제주시 구좌읍
19085,동회천마을회태양광,0.41,제주,제주 제주시 회천동
24043,반석태양광,0.1,제주,제주 제주시 한림읍
1162,제주영락태양광,0.396,제주,제주 서귀포시 대정읍
3708,K1태양광,0.09928,제주,제주 서귀포시 표선면
47886,유강에너지태양광,0.94608,제주,제주 제주시 한경면
55371,조운1호태양광,0.09928,제주,제주 제주시 구좌읍
52092,자연애1호태양광,0.09928,제주,제주 제주시 한림읍
32015,성수1태양광,0.099,제주,제주 서귀포시 성산읍
46335,우성태양광발전소,0.0975,제주,제주 제주시 한경면
37901,신흥태양발전기,0.099,제주,제주 서귀포시 남원읍
55162,제주농산태양광,0.09648,제주,제주 서귀포시 성산읍
25473,보원태양광,0.098,제주,제주 제주시 한림읍
54331,정진2호햇빛발전소,0.29808,제주,제주 서귀포시 대정읍
9171,귀덕태양광1호기,0.09792,제주,제주 제주시 한림읍
23367,민솔라태양광#4,0.096,제주,제주 제주시 대흘리
27999,삼달태양광발전소,0.999,제주,제주특별자치도 서귀포시 성산읍
25593,복주태양광#2,0.098,제주,제주 제주시 한림읍
34815,수복 태양광발전소,0.1971,제주,제주특별자치도 서귀포시 대정읍
36041,승영태양광,0.056,제주,제주 제주시 애월읍
16182,보성리581-1태양광,0.099,제주,제주 서귀포시 대정읍
22382,문영태양광,0.06,제주,제주 서귀포시 남원읍
43792,오라태양광,0.096,제주,제주 제주시 오라이동
17261,도경태양광발전소,0.0975,제주,제주 제주시 한경면
39734,앤씨개발태양광,0.395,제주,제주 서귀포시 표선면
7118,고산2호태양광,0.099,제주,제주 제주시 한경면
70973,호원태양광,0.91368,제주,제주 제주시 구좌읍
2678,한솔태양광,2.99646,제주,제주 서귀포시 표선면
69522,혁정2호태양광,0.497,제주,제주 서귀포시 남원읍
51499,일광태양광c,0.099,제주,제주 제주시 구좌읍
40183,양천햇빛태양광,0.2916,제주,제주 제주시 한림읍
66079,한동1호태양광,0.09928,제주,제주 제주시 구좌읍
1000,나눔태양광,0.49,제주,제주 서귀포시 대정읍
10016,금능2호태양광,0.49536,제주,제주 제주시 한림읍
10474,금오름1호태양광발전소,0.09928,제주,제주 제주시 한림읍
53794,정선1호태양광발전소,0.09906,제주,제주 제주시 한경면
36753,신도리2 태양광,0.09855,제주,제주 서귀포시 대정읍
28829,상명2호태양광,0.0988,제주,제주 제주시 한림읍
59355,창금3호태양광,0.09928,제주,제주 제주시 조천읍
69308,행원햇빛2호태양광,0.04,제주,제주 제주시 구좌읍
44912,와이솔라2호태양광발전소,0.09936,제주,제주 제주시 조천읍
68461,해찬1호태양광,0.09928,제주,제주 서귀포시 표선면
53962,정앤수2호 태양광,0.29925,제주,제주특별자치도 제주시 조천읍
69841,현대태양광발전소,0.999,제주,제주 제주시 조천읍
18317,동선태양광,0.09936,제주,제주 서귀포시 안덕면
24145,상대1태양광,0.396,제주,제주 제주시 한림읍
32766,세계태양광,0.29988,제주,제주 서귀포시 성산읍
70134,현인태양광,0.99792,제주,제주 서귀포시 표선면
10042,금동태양광#1,0.099,제주,제주 제주시 한림읍
28830,상명3호 태양광발전소,0.09928,제주,제주 제주시 한림읍
1152,대원솔라태양광,1.4,제주,제주 서귀포시 대정읍
67647,해든에너지4,0.0994,제주,제주 제주시 한경면
59619,창하태양광,0.098,제주,제주 서귀포시 안덕면
13797,다담1호태양광,0.099,제주,제주 제주시 조천읍
55953,굿초이스솔라1호,0.46136,제주,제주 제주시 애월읍
45990,우람2호태양광,0.1,제주,제주 서귀포시 안덕면
42112,연화태양광1호기,0.15015,제주,제주 제주시 애월읍
17458,도송 태양광,0.1971,제주,제주 제주시 한림읍
60908,청풍태양광,0.1971,제주,제주 제주시 구좌읍
30301,서진9호태양광,0.0993,제주,제주 제주시 해안동
27590,산남주민태양광,0.18,제주,제주 서귀포시 상예동
36918,신산1호태양광,0.09928,제주,제주 서귀포시 남원읍
16743,더썬태양광,0.224,제주,제주 제주시 한경면
48589,나월태양광발전소,0.4968,제주,제주 제주시 애월읍
19242,두모리 444 2호 발전소,0.09709,제주,제주 제주시 한경면
55164,성산하수처리장태양광,0.158,제주,제주 서귀포시 성산읍
33616,소연태양광,0.099,제주,제주 서귀포시 대정읍
12471,남제주화력소내태양광,0.196,제주,제주 서귀포시 안덕면
44896,와우조천2태양광,0.49536,제주,제주 제주시 조천읍
2726,해솔에너지태양광,0.197,제주,제주 서귀포시
42614,영선태양광,0.0975,제주,제주 제주시 한경면
4677,유마솔라발전기,0.49896,제주,제주 서귀포시 표선면
37852,신흥1호 태양광발전소,0.9983,제주,제주 서귀포시 남원읍
33107,세정 태양광발전소,0.09928,제주,제주 서귀포시 대정읍
45834,용한태양광발전소,0.39294,제주,제주특별자치도 제주시 한경면
35734,쉬영목태양광발전소,0.09928,제주,제주 제주시 구좌읍
32370,성장태양광,0.28764,제주,제주 서귀포시 성산읍
23660,바름태양광발전소,0.0994,제주,제주 제주시 한림읍
11055,기헌태양광,0.1,제주,제주 서귀포시 대정읍
56355,81호태양광발전소,2.996,제주,제주 서귀포시 안덕면
72927,희윤4태양광,0.09928,제주,제주 서귀포시 성산읍
43583,해담은와산1호태양광발전소,0.400135,제주,제주 제주시 조천읍
8621,구명물1호태양광발전소,0.09928,제주,제주 제주시 한림읍
1032,남정수상상모#2,0.451,제주,제주 서귀포시 대정읍
58277,지희태양광,0.09936,제주,제주 제주시 한경면
54056,정우태양광발전소,0.2997,제주,제주 서귀포시 대정읍
807,강산에너지태양광,0.748,제주,제주 제주시 회천동
21253,명도햇빛발전소,0.497,제주,제주 제주시 봉개동
43014,영주1호태양광,0.099,제주,제주 제주시 도근내길
71415,화선태양광,0.099,제주,제주 제주시 도평동
50531,이안태양광,0.25937,제주,제주특별자치도 서귀포시 표선면
21945,몽치태양광,0.0972,제주,제주 서귀포시 남원읍
30050,서연태양광,0.098,제주,제주 제주시 한림읍
57838,지앤비1호태양광발전소,0.2601,제주,제주 제주시 조천읍
21473,명월태양광,0.099,제주,제주 제주시 한림읍
10522,금운1태양광,0.0972,제주,제주 제주시 애월읍
1161,제주상모태양광,0.5,제주,제주 서귀포시 대정읍
15034,대림1호태양광,0.09928,제주,제주 제주시 한림읍
4490,YB태양광발전소,0.1989,제주,제주 서귀포시 지장샘로
29695,서광2태양광발전기,0.29638,제주,제주특별자치도 서귀포시 대정읍
13415,고도농원 태양광발전소,0.04095,제주,제주특별자치도 서귀포시
68689,햇볕1호태양광발전기,0.09855,제주,제주 제주시 한경면
1074,성읍리태양광#2,1.248,제주,제주 서귀포시 표선면
51122,인다태양광,0.099,제주,제주 서귀포시 대정읍
69309,행원햇빛태양광,0.1,제주,제주 제주시 구좌읍
38843,아라태양광,0.296,제주,제주 서귀포시 남원읍
45370,용마태양광,0.099,제주,제주 제주시 해안동
17611,도윤태양광,0.0975,제주,제주 제주시 한경면
53086,재원태양광,0.09792,제주,제주 제주시 애월읍
8623,구명물3호태양광발전소,0.09936,제주,제주 제주시 한림읍
43076,영진 태양광발전소,0.79497,제주,제주 서귀포시 강정동
5641,강석2호태양광,0.0988,제주,제주 서귀포시 남원읍
39619,알파에너지태양광,0.099,제주,제주 서귀포시 대정읍
1076,성읍리태양광#1,0.787,제주,제주 서귀포시 표선면
56416,라제스태양광,2.0368,제주,제주 제주시 구좌읍
44911,와이솔라1호태양광발전소,0.09936,제주,제주 제주시 조천읍
21469,명월3호태양광,0.099,제주,제주 제주시 한림읍
29693,서광 태양광,0.19856,제주,제주 서귀포시 안덕면
57952,지용태양광발전소,0.17952,제주,제주 제주시 애월읍
56269,하천리상동1호 태양광발전소,0.29784,제주,제주 서귀포시 표선면
16953,덕수태양광발전소,0.29565,제주,제주 서귀포시 안덕면
59655,창희1호태양광,0.09928,제주,제주 제주시 한경면
17392,도림태양광발전소,0.09928,제주,제주 제주시 애월읍
62792,태성2호태양광,0.25024,제주,제주 제주시 한림읍
17917,동구태양광,0.0988,제주,제주 제주시 애월읍
49787,은현태양광,0.099,제주,제주 제주시 한림읍
1966,영락태양광,0.302,제주,제주 서귀포시 대정읍
19240,두모리 1885 발전소,0.09344,제주,제주 제주시 한경면
48885,윤서4태양광,0.09792,제주,제주 제주시 회천동
63976,팡돌태양광,0.2992,제주,제주 제주시 해안동
60260,청담쏠라 태양광발전소,0.1971,제주,제주특별자치도 서귀포시 대정읍
1031,남정수상상모#1,0.254,제주,제주 서귀포시 대정읍
30156,서원태양광발전소,0.29565,제주,제주 서귀포시 하원동
64866,하가리1호태양광발전기,0.31598,제주,제주특별자치도 제주시 애월읍
24575,백일에너지태양광,0.096,제주,제주 서귀포시 대정읍
31359,선태양광b,0.098,제주,제주 제주시 한림읍
56268,하천리상동2호 태양광발전소,0.2482,제주,제주 서귀포시 표선면
2743,햇빛태양광,0.9,제주,제주 제주시 서귀포시
54910,제이와이태양광#2,0.098,제주,제주 제주시 한림읍
35978,승민태양광,0.2976,제주,제주 서귀포시 표선면
35541,순애태양광발전소,0.2496,제주,제주 제주시 영평동
60358,청마11호태양광,0.0936,제주,제주 제주시 해안동
56357,제주자연태양광,0.99234,제주,제주특별자치도 서귀포시 표선면
60505,청솔태양광발전소,0.999,제주,제주특별자치도 서귀포시 안덕면
48721,제주해냄태양광발전소,0.9936,제주,제주 서귀포시 표선면
36319,시영태양광발전소,0.19872,제주,제주 서귀포시 남원읍
46216,우림1태양광,0.19992,제주,제주 서귀포시 서호동
23365,민솔라5호태양광발전소,0.09906,제주,제주 제주시 조천읍
7853,광령태양광발전기,0.09125,제주,제주 제주시 애월읍
30454,서회천마을태양광#2,0.062,제주,제주 제주시 회천동
43313,영화에너지2호태양광,0.09936,제주,제주 서귀포시 표선면
2070,주식회사원더풀태양광발전소가시리1호,0.9213,제주,제주 서귀포시 표선면
2246,제이씨엘태양광,0.99,제주,제주 제주시 구좌읍
12000,나민영태양광발전소,0.099,제주,제주 서귀포시 대정읍
57242,제주대태양광,1.092,제주,제주 제주시 아라1동
7918,광명전력태양광,0.099,제주,제주 제주시 한림읍
56295,유진2호,0.197625,제주,제주 서귀포시 표선면
33066,세을목 태양광,0.40734,제주,제주 서귀포시 성산읍
2942,AJ태양광,0.185,제주,제주 제주시 용담2동
24577,백일태양광,0.096,제주,제주 서귀포시 대정읍
13565,뉴럴태양광,0.04,제주,제주 서귀포시 대정읍
8721,구시털태양광,0.24768,제주,제주 제주시 한경면
12613,남순태양광,0.04,제주,제주 서귀포시 장수로
66088,한동햇빛3호태양광,0.09928,제주,제주 제주시 구좌읍
11834,꿈꾸는태양광#2,0.099,제주,제주 제주시 한림읍
43530,예스에너지태양광,0.099,제주,제주 서귀포시 대정읍
38458,썬태양광,0.099,제주,제주 서귀포시 대정읍
21470,명월리발전소1호기,0.09792,제주,제주 제주시 한림읍
21460,명원2호태양광,0.099,제주,제주 서귀포시 성산읍
19852,따라비태양광,0.2975,제주,제주 제주시 애월읍
240,서민행복8호태양광,0.5,제주,제주 서귀포시 남원읍
1385,미래에너지제주태양광,2.99646,제주,제주 서귀포시 표선면
54400,정포2호태양광,0.09906,제주,제주 서귀포시 대정읍
52936,생물종다양성연구소 태양광발전,0.49973,제주,제주 서귀포시 남원읍
14338,닥모루태양광,0.099,제주,제주 제주시 한경면
25097,병옥태양광,0.1,제주,제주 제주시 한림읍
6129,건우2호태양광,0.09916,제주,제주 제주시 한림읍
35053,수완태양광,0.099,제주,제주 서귀포시 대정읍
37634,신촌태양광발전소,0.3774,제주,제주 제주시 조천읍
19241,두모리 444 1호 발전소,0.09709,제주,제주 제주시 한경면
28350,삼인태양광발전소,0.47304,제주,제주특별자치도 제주시 봉개동
54933,송당태양광발전소,0.9999,제주,제주특별자치도 제주시 구좌읍
10523,금운2 태양광,0.0972,제주,제주 제주시 애월읍
9192,귀빈태양광,0.05,제주,제주 제주시 한림해안로
54686,제우태양광,0.599,제주,제주 제주시 OO읍
24805,범호태양광,0.1,제주,제주 제주시 한경면
58177,지혁태양광,0.594,제주,제주특별자치도 제주시 한경면
1546,서광그린태양광,0.349,제주,제주 서귀포시 대정읍
55170,제주무릉태양광#1,0.096,제주,제주 서귀포시 대정읍
2501,클라우드앤1호,0.0918,제주,제주 서귀포시 성산읍
66116,한라1호태양광,0.099,제주,제주 제주시 구좌읍
5939,거린내태양광발전소,0.099,제주,제주 제주시 애월읍
61830,케이그린3호태양광,0.496375,제주,제주 서귀포시 성산읍
20965,매고1호태양광,0.099,제주,제주 제주시 한경면
60356,청마10호태양광,0.0936,제주,제주 제주시 해안동
4689,155호태양광,0.16744,제주,제주특별자치도 제주시 회천동
2133,은혜태양광,0.35,제주,제주 서귀포시 대정읍
46979,웅임태양광,0.09953,제주,제주 제주시 한림읍
51120,인다2호태양광,0.099,제주,제주 서귀포시 대정읍
55372,조운2호태양광발전소,0.09936,제주,제주 제주시 구좌읍
16781,더케이제주호텔태양광,0.094,제주,제주 제주시 참동로
55985,대명솔라1호에너지,0.476,제주,제주 서귀포시 표선면
44926,에스지태양광,0.097,제주,제주 서귀포시 안덕면
2283,51호태양광발전소,0.49588,제주,제주 제주시 용강동
35010,수열태양광,0.097,제주,제주 제주시 조천읍
19069,동화태양광,0.066,제주,제주 서귀포시 대정읍
40307,억새미발전소,0.0507,제주,제주 제주시 이호이동
49877,은호태양광,0.099,제주,제주 제주시 조천읍
2295,제주도시가스태양광,0.099,제주,제주 제주시 노형동
5611,강빛태양광,0.099,제주,제주 서귀포시 대정읍
66051,한남태양광,0.29988,제주,제주 서귀포시 남원읍
60408,청보리태양광,0.1944,제주,제주 제주시 한경면
65637,하천태양광,0.09954,제주,제주 서귀포시 표선면
62168,코지 태양광,0.34748,제주,제주 서귀포시 성산읍
68867,빛나리2호태양광,0.099,제주,제주 서귀포시 대정읍
24666,백화원태양광발전소,0.49275,제주,제주 제주시 외도일동
55189,제주성산태양광,0.998,제주,제주 서귀포시 성산읍
9041,굴왓 햇빛발전소,0.49896,제주,제주특별자치도 서귀포시 안덕면
37346,신우태양광,0.396,제주,제주 제주시 한경면
5642,강석3호태양광,0.09936,제주,제주 서귀포시 남원읍
28000,삼달1호태양광발전소,0.1998,제주,제주 서귀포시 성산읍
22498,뮤즈태양광,0.49504,제주,제주 제주시 조천읍
33728,소현에너지태양광,0.0952,제주,제주 서귀포시 대정읍
503,용흥마을태양광,0.099,제주,제주 서귀포시 강정동
48115,유민1태양광발전소,0.499,제주,제주 제주시 애월읍
974,금학2태양광,0.86751,제주,제주 서귀포시 남원읍
52009,자농태양광,0.06,제주,제주 서귀포시 동홍로
35970,승모 태양광발전소,0.09928,제주,제주 제주시 한림읍
20440,마루왓1호태양광,0.09928,제주,제주 제주시 한림읍
21471,명월리발전소2호기,0.09792,제주,제주 제주시 한림읍
63551,터와울태양광,0.0994,제주,제주 서귀포시 표선면
36919,신산2호 태양광,0.09916,제주,제주 서귀포시 남원읍
35080,수월봉태양광,0.099,제주,제주 제주시 한경면
66141,한라태양광,0.39712,제주,제주 제주시 한경면
48220,유수암태양광,0.25344,제주,제주 제주시 애월읍
52094,자연애2호태양광,0.09928,제주,제주 제주시 한림읍
17627,도일태양광,0.099,제주,제주 제주시 구좌읍
59658,창희2호태양광,0.09928,제주,제주 제주시 한경면
62501,태공1호태양광발전소,0.09916,제주,제주 서귀포시 남원읍
55913,가시태양광,0.9324,제주,제주특별자치도 서귀포시 표선면
56768,주현2호 태양광,0.09906,제주,제주 제주시 조천읍
30062,서영1호태양광,0.0936,제주,제주 제주시 해안동
25695,봉개동주민대책위원회1호태양광,2.002,제주,제주 제주시 회천동
26543,북촌 태양광발전기,0.2997,제주,제주특별자치도 제주시 조천읍
31136,선우태양광,0.27048,제주,제주 제주시 한경면
5079,가온태양광발전소,0.34776,제주,제주 서귀포시 대정읍
22333,문보태양광발전소,0.09916,제주,제주 제주시 한경면
27877,산하환태양광,0.09928,제주,제주 제주시 한경면
58817,진영햇빛,0.28512,제주,제주 제주시 한림읍
2298,제주햇빛태양광,1.7,제주,제주 서귀포시 표선면
22428,문지훈태양광발전소,0.4599,제주,제주특별자치도 서귀포시 대정읍
56034,북촌태양광,0.52614,제주,제주특별자치도 제주시 조천읍
29725,서광태양광발전소,0.295,제주,제주 서귀포시 대정읍
36174,승현태양광발전소,0.0975,제주,제주 제주시 한경면
50456,이수 태양광,0.4964,제주,제주 서귀포시 호근동
19851,따라비태양광발전소,0.0999,제주,제주 서귀포시 표선면
4694,80호태양광발전소,0.45136,제주,제주 서귀포시 하원동
37561,신천3호태양광,0.095,제주,제주 서귀포시 남원읍
25365,보배태양광,0.099,제주,제주 서귀포시 대정읍
31095,선영태양광발전소,0.0975,제주,제주 제주시 한경면
42618,영선태양광b 2호,0.099,제주,제주 제주시 애월읍
69523,혁정1호태양광,0.498,제주,제주 서귀포시 남원읍
56296,유진1호,0.095625,제주,제주 서귀포시 표선면
20390,마고1태양광발전소,0.29565,제주,제주 제주시 한림읍
16406,대풍태양광발전소,0.498,제주,제주 제주시 조천읍
20441,마루왓2호태양광발전소,0.09936,제주,제주 제주시 한림읍
1679,솔라텍태양광,0.49,제주,제주 서귀포시 대정읍
33730,소현에너지2호,0.42228,제주,제주 서귀포시 대정읍
58580,청수1태양광,0.6984,제주,제주 제주시 한경면
55191,제주한림읍태양광발전소,0.49896,제주,제주 제주시 한림읍
69305,행원에너지 태양광발전소,0.442,제주,제주 제주시 구좌읍
64313,표선1호 태양광,0.96174,제주,제주특별자치도 서귀포시 표선면
54350,정진햇빛발전소,0.497,제주,제주 제주시 봉개동
10240,금산 태양광발전소,0.39117,제주,제주 서귀포시 남원읍
37036,신성태양광,0.065,제주,제주 제주시 한경면
54628,제라3호태양광발전소,0.09906,제주,제주 제주시 회천동
55936,경철태양광,0.99792,제주,제주 서귀포시 표선면
3458,JCG솔라 2호 태양광발전기,0.4144,제주,제주 제주시 한림읍
33735,소현태양광,0.098,제주,제주 서귀포시 남원읍
50990,이호동오도마을회3호태양광,0.1995,제주,제주 제주시 이호이동
19658,들꽃01,0.3136,제주,제주특별자치도 서귀포시 대정읍
21475,명월태양광발전소,0.19803,제주,제주 제주시 한림읍
31499,섭지코지태양광,0.098,제주,제주 서귀포시 성산읍
21279,명림태양광발전소,0.09928,제주,제주 제주시 애월읍
63280,태일태양광발전소,0.29808,제주,제주 서귀포시 대정읍
46864,운수태양광발전소,0.2982,제주,제주 제주시 구좌읍
56459,하나에너지,0.49896,제주,제주 서귀포시 표선면
34861,신성회태양광,0.035,제주,제주 제주시 애월읍
54399,정포1호태양광,0.09906,제주,제주 서귀포시 대정읍
6445,경선무릉태양광,0.373,제주,제주 서귀포시 대정읍
70118,현원2호태양광,0.09906,제주,제주 제주시 한경면
70703,혜진1호태양광,0.09792,제주,제주 서귀포시 색달동
57928,지영태양광,0.5,제주,제주 서귀포시 대정읍
55176,표선재경솔라팜태양광,0.4,제주,제주 서귀포시 표선면
27957,삼광태양광발전소,0.49725,제주,제주 제주시 외도일동
32768,세계태양광발전소,0.1989,제주,제주 서귀포시 대정읍
66647,한솔1호태양광,0.099,제주,제주 제주시 한경면
55178,제주고성리태양광,0.3,제주,제주 제주시 애월읍
48890,윤서태양광,0.29376,제주,제주 제주시 회천동
27872,산하영태양광,0.09936,제주,제주 제주시 한경면
56321,일유태양광,0.49617,제주,제주 서귀포시 표선면
62303,클라우드앤2호,0.0918,제주,제주 서귀포시 성산읍
2781,협신무릉태양광,0.556,제주,제주 서귀포시 대정읍
26359,부용태양광,0.0975,제주,제주 제주시 한경면
13390,탐라그린태양광,2.003,제주,제주 서귀포시 대정읍
13798,다담2호태양광,0.075,제주,제주 제주시 조천읍
56346,제이씨지에너지2호태양광,0.1924,제주,제주 제주시 한경면
59622,창해태양광발전소,0.82782,제주,제주 제주시 명도암서길
65508,하윤태양광발전소,0.24624,제주,제주 서귀포시 대정읍
17181,덕천리771발전소,0.09842,제주,제주 제주시 구좌읍
7602,공혁태양광발전소 2호,0.03726,제주,제주 제주시 한림읍
34772,수망햇빛1호태양광발전소,0.2992,제주,제주 서귀포시 남원읍
25596,복주태양광#1,0.098,제주,제주 제주시 한림읍
12001,나민영2 태양광발전소,0.0918,제주,제주 서귀포시 대정읍
59089,진희태양광,0.098,제주,제주 제주시 한경면
12486,행원소수력태양광,0.01,제주,제주 제주시 구좌읍
55171,제주무릉태양광#2,0.096,제주,제주 서귀포시 대정읍
56330,정성태양광발전소2호,0.90072,제주,제주 서귀포시 남원읍
1813,안덕태양광,1.19637,제주,제주 서귀포시 안덕면
56501,금학삼호태양광발전소,1.48518,제주,제주 서귀포시 성산읍
70704,혜진2호태양광,0.099,제주,제주 서귀포시 색달동
2297,제주태양광발전소,0.999,제주,제주 서귀포시 남원읍
53961,정앤수1호 태양광,0.29925,제주,제주특별자치도 제주시 조천읍
58043,지유태양광,0.09,제주,제주 서귀포시 성산면
64489,푸른태양광,0.35,제주,제주 서귀포시 대정읍
55961,에스에프태양광,0.4,제주,제주 서귀포시 남원읍
6876,계룡태양광,0.0952,제주,제주 제주시 구좌읍
4692,167호태양광,0.63336,제주,제주 제주시 조천읍
13800,다담3호 태양광발전소,0.09906,제주,제주 제주시 회천동
8622,구명물2호태양광,0.0828,제주,제주 제주시 한림읍
21476,명월햇빛1호태양광,0.099,제주,제주 제주시 한림읍
70618,혜성태양광,0.09792,제주,제주 제주시 한림읍
1066,뉴세제제주지사태양광,0.988,제주,제주 서귀포시 성산읍
6124,건우1호태양광,0.09916,제주,제주 제주시 한림읍
56027,루시디티2호태양광발전소,0.9972,제주,제주 주주시 구좌읍
5746,강정태양광,0.0994,제주,제주 제주시 한림읍
11833,꿈꾸는태양광#1,0.099,제주,제주 제주시 한림읍
58200,지혜태양광발전소,0.09916,제주,제주 제주시 회천동
12579,남선못태양광발전소,0.0988,제주,제주 서귀포시 표선면
32616,금악1태양광,0.288,제주,제주 제주시 한림읍
69304,행원리 태양광,0.45318,제주,제주 제주시 구좌읍
1494,삼광산업개발태양광,0.197,제주,제주 서귀포시
59077,진희1호태양광,0.078,제주,제주 제주시 한경면
16183,보성리581태양광,0.09,제주,제주 서귀포시 대정읍
45220,용강동마을회태양광,0.25,제주,제주 제주시
7855,광령 태양광발전소,0.4995,제주,제주특별자치도 제주시 애월읍
57103,준태양광b,0.098,제주,제주 제주시 한림읍
57043,준영태양광,0.4992,제주,제주 제주시 구좌읍
55180,교래태양광발전소,0.4968,제주,제주 제주시 조천읍
69300,행원2018 1호태양광발전소,0.4998,제주,제주 제주시 구좌읍
7127,고산태양광,0.0975,제주,제주 제주시 한경면
19080,동환태양광,0.02409,제주,제주 제주시 한경면
10043,금동태양광#2,0.099,제주,제주 제주시 한림읍
908,구노제주솔라태양광,0.32,제주,제주 서귀포시 성산읍
59050,진환태양광b,0.0988,제주,제주 제주시 한경면
47005,웅태양광,0.09928,제주,제주 서귀포시 표선면
53724,정민태양광,0.099,제주,제주 서귀포시 성산읍
56345,제이씨지에너지3호태양광,0.1976,제주,제주 서귀포시 상예동
69956,현석태양광,0.09,제주,제주 서귀포시 안덕면
42617,영선태양광b 1호,0.06,제주,제주 제주시 애월읍
20812,만주에너지태양광,0.9928,제주,제주 제주시 조천읍
22027,무릉1리 다목적회관 발전기,0.03108,제주,제주 서귀포시 대정읍
6122,건우태양광,0.2997,제주,제주 제주시 한경면
51540,일맥태양광,0.066,제주,제주 서귀포시 대정읍
56476,해오름에너지태양광발전소,1.724,제주,제주 서귀포시 표선면
56063,미래제주솔라1호,0.948,제주,제주 제주시 애월읍
32745,성희태양광발전소,0.09792,제주,제주 제주시 해안동
10567,금정태양광1호기,0.16849,제주,제주특별자치도 제주시 애월읍
23175,미주1호태양광,0.09936,제주,제주 제주시 한림읍
72334,효일1호태양광,0.09936,제주,제주 제주시 한림읍
10382,금성태양광2호,0.0612,제주,제주 제주시 애월읍
3380,HLS태양광,0.099,제주,제주 서귀포시 대정읍
23268,미희태양광,0.049,제주,제주 서귀포시 대정동
55184,제주용강1호,0.42768,제주,제주 제주시 용강동
50989,이호동오도마을회2호태양광,0.03,제주,제주 제주시 대동길
67645,해든에너지1,0.49842,제주,제주 제주시 한경면
13923,다사랑태양광발전소,0.06072,제주,제주 제주시 한경면
36917,신산태양광발전소,0.49725,제주,제주 서귀포시 성산읍
51370,인피니티태양광발전소,0.5824,제주,제주 서귀포시 상효동
67646,해든에너지3,0.0994,제주,제주 제주시 한경면
4459,VE태양광,0.099,제주,제주 서귀포시 대정읍
17459,도순1호,0.03996,제주,제주 서귀포시 도순남로29번길
27995,삼다도태양광2호,0.756,제주,제주 제주시 구좌읍
37633,신촌1태양광발전소,0.0918,제주,제주 제주시 조천읍
29790,서락 태양광발전소,0.08925,제주,제주 서귀포시 대정읍
37856,신흥2호 태양광발전소,0.459,제주,제주 서귀포시 남원읍
56766,주현1호태양광,0.09936,제주,제주 서귀포시 대정읍
48389,유준태양광,0.099,제주,제주 제주시 삼양일동
60361,청마8호태양광발전소,0.99664,제주,제주 제주시 구좌읍
13801,다담4호 태양광,0.09906,제주,제주 제주시 회천동
48506,유철 태양광,0.1998,제주,제주 제주시 조천읍
8608,구름태양광발전소,0.099,제주,제주 서귀포시 성산읍
23640,바다해태양광,0.3996,제주,제주특별자치도 서귀포시 중문동
4933,가산2태양광발전소,0.89505,제주,제주 서귀포시 남원읍
44895,와우조천1태양광,0.99072,제주,제주 제주시 조천읍
32365,성자태양광발전소,0.0975,제주,제주 제주시 한경면
65184,하늘소태양광발전소,0.09936,제주,제주 제주시 영평동
56273,용권태양광발전기,2.64348,제주,제주 제주시 애월읍
59353,창금1호 태양광,0.09916,제주,제주 제주시 조천읍
27093,빛나리1호태양광,0.099,제주,제주 서귀포시 대정읍
22353,문수태양광발전소,0.099,제주,제주 제주시 애월읍
5992,거슨새미 태양광발전소,0.19872,제주,제주 서귀포시 표선면
56347,제이씨지에너지1호태양광,0.3796,제주,제주 한경면 청수리
56062,미래제이에스티솔라1호,0.948,제주,제주 제주시 애월읍
18746,동일리 태양광발전,0.26307,제주,제주 서귀포시 대정읍
4693,26호태양광발전소,0.9982,제주,제주 서귀포시 서홍동
14927,대동솔라태양광,0.49932,제주,제주 서귀포시 표선면
55963,나목도태양광,0.46008,제주,제주 서귀포시 표선면
5431,갑부태양광발전소,0.1971,제주,제주 제주시 한경면
58439,진모태양광,0.0975,제주,제주 제주시 한경면
6572,경원에너지,0.36288,제주,제주 제주시 구좌읍
54626,제라1호태양광발전소,0.09916,제주,제주 제주시 회천동
42451,영락태양광발전,0.32706,제주,제주 서귀포시 대정읍
67354,해광태양광,0.099,제주,제주 제주시 애월읍
27994,삼다도태양광1호,0.26937,제주,제주 제주시 구좌읍
56410,KT무릉송신소 태양광,0.49572,제주,제주 서귀포시 대정읍
31755,성동8호태양광,0.099,충남,충남 보령시 웅천읍
54998,제이파워 태양광,0.4977,충남,충남 서천군 서면
33846,우영 태양광발전소,1.06434,충남,충남 서산시 음암면
55951,구일태양광,1.65888,충남,충남 태안군 안면읍
4605,귀뚜라미 아산 태양광발전소 2호,2.99592,충남,충남 아산시 탕정면
56274,용덕1호태양광발전소,0.180675,충남,충남 예산군 봉산면
29867,태안부지 태양광 2단계(대지),8.26713,충남,충남 태안군 원북면
33834,단비덕실태양광,0.9639,충남,충남 홍성군 은하면
61568,승일천안태양광,0.9018,충남,충남 천안시 서북구
57249,보령화력태양광#1,0.525,충남,충남 보령시 오천면
1914,에코빌리지태양광,2.995,충남,충남 태안군 안면읍
56490,효창아산 태양광발전기,0.498225,충남,충남 아산시 음봉면
42969,영임태양광,0.497,충남,충남 서천군 서면
56242,열린에너지태양광,1.65888,충남,충남 태안군 안면읍
1380,미래그린태양광,0.998,충남,충남 태안군 안면읍
7996,광명태양광a,0.099375,충남,충남 논산시 광석면
55352,조양7호태양광,0.49761,충남,충남 홍성군 광천읍
12415,탕정공장태양광,1.2,충남,충남 아산시 탕정면
31724,성동13호태양광,0.099,충남,충남 보령시 웅천읍
56404,장송태양광,2.49984,충남,충남 천안시 동남구
48654,(유)성우에너지 태양광발전소,0.88008,충남,충남 태안군 소원면
4809,가나태양광발전소,0.49476,충남,충남 홍성군 광천읍
34093,솜티태양광,0.09936,충남,충남 서천군 종천면
18271,당진자재창고태양광,0.672,충남,충남 당진시 석문면
10862,기산솔라4호 태양광발전소,0.09963,충남,충남 홍성군 갈산면
56125,선화 태양광발전소,1.998,충남,충남 예산군 광시면
4630,기산솔라1호 태양광발전소,0.99792,충남,충남 홍성군 갈산면
1862,단비신장태양광,2.1924,충남,충남 서산시 음암면
70278,현진태양광a,0.099375,충남,충남 논산시 연산면
63787,티원 태양광,0.09828,충남,충남 홍성군 갈산면
48577,광자 태양광발전소,0.49875,충남,충남 홍성군 광천읍
8364,광천태양광,0.496,충남,충남 홍성군 은하면
4090,에스이씨에너지,1.3392,충남,충남 보령시 주교면
29884,새빛태양광,0.12864,충남,충남 태안군 태안읍
68920,햇살태양광,1.99728,충남,충남 예산군 덕산면
4099,SF태양광,0.998,충남,충남 태안군 안면읍
55944,공주태양광,1.9206,충남,충남 공주시 계룡면
39226,아폴로1호태양광,0.495,충남,충남 금산군 제원면
35114,보령댐수상태양광,2,충남,충남 보령시 미산면
40667,SH 발전소 태양광,0.0962,충남,충남 논산시 가야곡면
56172,썬웨이태양광 교성1호,1.64538,충남,충남 보령시 오천면
56297,윤성에너지태양광,0.4941,충남,충남 예산군 광시면
56225,기산솔라2호 태양광발전소,0.24948,충남,충남 홍성군 갈산면
29895,서부솔라서천태양광,3.476,충남,충남 서천군 서면
35887,스프링웨이브1호태양광발전소,0.09911,충남,충남 논산시 양촌면
15169,대명태양광발전기,0.099375,충남,충남 논산시 광석면
54288,정조 태양광발전소,0.09792,충남,충남 당진시 사기소동
63027,태양에너지,0.098,충남,충남 공주시 탄천면
43002,영전9호태양광발전소,0.09911,충남,충남 태안군 소원면
57668,지산3호 태양광,0.1,충남,충남 논산시 부적면
47041,원골드1호태양광발전소,0.09855,충남,충남 금산군 남일면
70628,혜성태양광발전소,0.09975,충남,충남 홍성군 광천읍
56484,호진중리 태양광발전소,1.46268,충남,충남 아산시 배방읍
56291,건천 태양광발전소,2.4966,충남,충남 금산군 남이면
2277,제이파워태양광,2.0088,충남,충남 서천군 마산면
15228,대박태양광,0.099,충남,충남 서천 마산면
42503,영목태양광,1.203,충남,충남 태안군 고남면
41184,점리태양광발전소삼호,0.99864,충남,충남 부여군 임천면
67879,해미솔라태양광#2,3,충남,충남 서산시 해미면
17964,현대호이스트태양광,0.75,충남,충남 당진시 송악읍
633,클린에너지태양광,2.9,충남,충남 서산시 대산읍
42996,영전2호태양광발전소,0.09911,충남,충남 태안군 소원면
4648,신정솔라태양광발전소,2.99376,충남,충남 서산시 고북면
33835,성남리1호태양광,0.99792,충남,충남 홍성군 결성면
4710,대죽2공장태양광,1.6,충남,충남 서산시 대산읍
55342,조양12호태양광,0.0988,충남,충남 보령시 청라면
18275,당진화력수상태양광,0.998,충남,충남 당진시 석문면
24489,백송태양광발전기,0.09912,충남,충남 예산군 신암면
26597,붓드기태양광,2.2,충남,충남 태안군 붓드기길
59895,천북승민행복나눔태양광,1.584,충남,충남 보령시 천북면
2667,한빛하만리태양광,1.79676,충남,충남 보령시 천북면
54958,신평태양광발전소,0.99864,충남,충남 당진시 신평면
18282,당진후문주차장태양광,0.99864,충남,충남 당진시 석문면
59818,천광 태양광,0.09936,충남,충남 서천군 종천면
42999,영전5호태양광발전소,0.09911,충남,충남 태안군 소원면
56173,썬웨이태양광 교성2호,1.58004,충남,충남 보령시 오천면
4670,엠제이에너지태양광,1.99368,충남,충남 공주시 우성면
1603,섬광에너지1호태양광,1.49544,충남,충남 태안군 소원면
56312,이엔지솔라,2.02752,충남,충남 태안군 안면읍
1656,금산목소리태양광,2.201,충남,충남 금산군 복수면
56337,제이더블유제2호 태양광,0.9639,충남,충남 당진시 석문면
56338,제이더블유제3호 태양광,0.9639,충남,충남 당진시 석문면
42993,영전10호태양광발전소,0.09911,충남,충남 태안군 소원면
11969,나리태양광,0.09936,충남,충남 서천군 종천면
8061,광석에너지태양광,0.099375,충남,충남 논산시 광석면
1994,오성태양광,1.98648,충남,충남 홍성군 장곡면
32151,성옥태양광발전소,0.49725,충남,충남 아산시 도고면
61759,카리스1호 태양광발전기,1.332,충남,충남 천안시 서북구
57708,지산태양광발전소,0.49572,충남,충남 천안시 동남구
47042,원골드2호태양광발전소,0.09842,충남,충남 금산군 남일면
15967,대웅에너지태양광#2,1.66914,충남,충남 태안군 소원면
12864,남포전력태양광,0.09937,충남,충남 보령시 남포면
40353,점리태양광발전소이호,0.99764,충남,충남 부여군 임천면
13423,드림팜B태양광발전소,0.47736,충남,충남 금산군 남이면
40925,에스플래닛 금산 일호 태양광발전소,1.998,충남,충남 금산군 제원면
44225,오지태양광,0.87381,충남,충남 서산시 대산읍
25790,봉명태양광,0.099,충남,충남 서천군 화양면
4643,세양2태양광,2.47806,충남,충남 공주시 우성면
52113,자연태양광,0.099,충남,충남 서천 마산면
60566,청아태양광,0.10098,충남,충남 논산시 광석면
1844,에너제이태양광,2.997,충남,충남 홍성군 결성면
42963,영일태양광a,0.09315,충남,충남 논산시 연산면
22408,문정석태양광,0.09856,충남,충남 예산군 대술면
55354,조양9호태양광,0.54891,충남,충남 홍성군 광천읍
57253,보령 #3태양광,0.93795,충남,충남 보령시 오천면
55353,조양8호태양광,0.49761,충남,충남 홍성군 광천읍
42997,영전3호태양광발전소,0.09911,충남,충남 태안군 소원면
40649,서봉에너지태양광,0.91188,충남,충남 천안시 서북구
54784,제이에너지태양광발전기,0.09975,충남,충남 홍성군 결성면
40794,에스와이2호태양광발전소,1.93752,충남,충남 아산시 인주면
18276,당진태양광,1.003,충남,충남 당진시 석문면
72424,후산부여태양광,0.481,충남,충남 부여군 세도면
56285,원화 태양광발전소,0.49296,충남,충남 천안시 동남구
13432,에스비솔라 태양광,2.1978,충남,충남 당진시 고대면
56450,팔도에너지태양광,2.00448,충남,충남 태안군 안면읍
69771,서산 태양광발전소,65,충남,충남 서산시 부석면
35124,천안정수장태양광,0.655,충남,충남 천안시 동남구
71416,화선태양광a,0.099375,충남,충남 논산시 광석면
29880,아산시 폐기물 매립장 태양광,1.04463,충남,충남 아산시 영인면
39366,안면태양광,1.803,충남,충남 태안군 고남면
65881,청천지구수상태양광,2.00736,충남,충남 보령시 죽정동
4705,KCC 대죽3공장 창고 태양광 발전소,2.9127,충남,충남 서산시 대산읍
18281,당진제2회처리장수상태양광,3.50064,충남,충남 당진시 석문면
1,월미태양광발전소,0.99636,충남,충남 공주시 월미농공단지길
48607,대정 태양광발전소,1.71162,충남,충남 진천군 이우러면
3306,GS당진태양광,0.334,충남,충남 당진시 송악읍
51560,일산태양광#3,1.499,충남,충남 태안군 소원면
13422,드림팜C태양광발전소,0.47736,충남,충남 금산군 남이면
19625,드림태양광,0.3969,충남,충남 부여군 세도면
2588,팜스코태양광#2,2.314,충남,충남 논산시 연무읍
51515,일동3태양광,0.3969,충남,충남 부여군 세도면
46214,지석리태양광,1.5606,충남,충남 부여군 충화면
57687,지산에너젠율산태양광,0.248,충남,충남
33836,성남리2호태양광,0.99792,충남,충남 홍성군 결성면
71352,화산1태양광발전소,0.099,충남,충남 서천군 기산면
4686,제이제이에너지 태양광,0.497,충남,충남 서천군 서면
21852,목곡7호태양광발전소,0.09828,충남,충남 논산시 가야곡면
30805,선(SUN)1에너지2호발전소,0.4968,충남,충남 금산군 부리면
48599,(유)늘솔길에너지 태양광발전소,0.099,충남,충남 태안군 안면읍
56444,성주솔라팜,2.97024,충남,충남 보령시 성주면
44696,온더로드태양광,0.099375,충남,충남 논산시 광석면
6986,고남태양광,1.534,충남,충남 태안군 고남면
57255,보령화력수상태양광,1.1718,충남,충남 보령시 오천면
23385,민승 태양광,0.09936,충남,충남 서천군 종천면
29952,서산쏠라랜드1호태양광,2.001,충남,충남 서산시 대산읍
64323,푸르미농산 태양광발전소,0.0988,충남,충남 서천군 마서면
2464,케이엠에너지태양광,1.298,충남,충남 서산시 부석면
43000,영전7호태양광발전소,0.09911,충남,충남 태안군 소원면
4625,보림태양광,0.4964,충남,충남 홍성군 결성면
72851,희망태양광발전기,0.099,충남,충남 태안군 안면읍
18269,당진매립장태양광,1.311,충남,충남 당진시 송산면
4649,영전1호태양광발전소,0.09911,충남,충남 태안군 소원면
59323,참진3태양광,0.3969,충남,충남 부여군 세도면
56394,칠성솔라태양광,1.50336,충남,충남 태안군 안면읍
39766,야광태양광발전소,0.39664,충남,충남 청양군 운곡면
2643,아산태양광,1.853,충남,충남 아산시 둔포면
55350,조양5호태양광,0.09936,충남,충남 보령시 청라면
2119,고라햇빛태양광,2.11653,충남,충남 서천군 마산면
46079,우리발전2호 태양광,0.69696,충남,충남 서산시 대산읍
4728,해창솔라태양광발전,2.993,충남,충남 서산시 고북면
51396,인화태양광,1.96182,충남,충남 태안군 근흥면
56026,레즐러 태양광발전소,1.40148,충남,충남 당진시 고대면
4772,가나안태양광,0.09828,충남,충남 논산시 상월면
54128,정유원에너지태양광,0.099,충남,충남 논산시 가야곡면
72971,희창태양광,0.099375,충남,충남 논산시 광석면
3493,JH태양광,0.099,충남,충남 공주시 정안면
32529,성진 태양광 발전소,0.41328,충남,충남 공주시 우성면
274,보령해냄태양광,1.892,충남,충남 보령시 웅천읍
7935,서초정리1호태양광,1.6146,충남,충남 예산군 광시면
3982,OCI평택당진태양광,2.22701,충남,충남 당진시 신평면
32930,세보천안태양광,0.5,충남,충남 천안시 목천읍
20348,리차징팜 태양광,0.9933,충남,충남 천안시 동남구
55351,조양6호태양광,0.09936,충남,충남 보령시 청라면
58715,당진SH태양광,1.47987,충남,충남 당진시 정미면
4617,매산1호태양광,0.820325,충남,충남 청양군 화성면
56522,야룡1호태양광,2.2506,충남,충남 보령시 주산면
4660,SA2기 태양광발전소,0.99144,충남,충남 당진시 송악읍
280,부여태양광,0.298,충남,충남 부여군 장암면
56213,에스와이솔라태양광,1.4976,충남,충남 공주시 제민천2길
55928,개화햇빛,2.74456,충남,충남 보령시 성주면
33847,서산코넥 태양광발전소,2.437,충남,충남 서산시 고북면
52161,자운에스지태양광,0.9984,충남,충남 부여군 임천면
10861,기산솔라3호 태양광발전소,0.09963,충남,충남 홍성군 갈산면
57245,신보령화력태양광,2.9,충남,충남 보령시 주교면
41391,엘비에너지,0.099,충남,충남 공주시 탄천면
62100,코리아에너지발전소6호기,0.5016,충남,충남 청주시 흥덕구
56426,태안신온리태양광,2.473,충남,충남 태안군 남면
16731,더솔라부여태양광,0.497,충남,충남 부여군 세도면
66694,한솔테크닉스태양광,1.506,충남,충남 논산시 연무읍
54038,정우태양광,0.992,충남,충남 서산시 부석면
56318,일광에너지,2.00448,충남,충남 태안군 안면읍
63574,테크노태양광,1.1968,충남,충남 아산시 아산로
16983,덕암 태양광발전소,0.0972,충남,충남 서천군 마서면
51301,인지솔라1호태양광,2.087,충남,충남 당진시 송악읍
4699,석문제1태양광발전소,0.9408,충남,충남 당진시 석문면
54071,정원태양광,0.39627,충남,충남 홍성군 금마면
69748,현대아산태양광,10.063,충남,충남 아산시 인주면
2716,해모아태양광,2.11491,충남,충남 청양군 장평면
48580,굿파워아산 태양광,0.749,충남,충남 아산시 도고면
56014,드림천안 에너지,1.78794,충남,충남 천안시 동남구
35577,순은태양광,0.09648,충남,충남 예산군 대술면
15361,대산태양광,2.306,충남,충남 서산시 대산읍
35118,석성태양광,0.176,충남,충남 부여군 석성면
16241,대주당진태양광,0.522,충남,충남 당진시 합덕읍
43001,영전8호태양광발전소,0.09911,충남,충남 태안군 소원면
43491,예산증곡태양광,1.04052,충남,충남 예산군 응봉면
29877,태안저탄장태양광1호기,2.80998,충남,충남 태안군 원북면
40645,에스앤이태양광,2.07432,충남,충남 홍성군 결성면
346,서산덕지태양광,1.98588,충남,충남 서산시 덕지천동
39364,안면도태양광,2.1,충남,충남 태안군 안면읍
33938,솔라파워태양광,1.80873,충남,충남 예산군 오가면
16172,대정2태양광,0.099375,충남,충남 논산시 광석면
40301,어필태양광발전소,0.09828,충남,충남 부여군 홍산면
17017,덕암5호 태양광발전소,0.09828,충남,충남 논산시 연산면
6381,경민태양광,0.099375,충남,충남 논산시 광석면
9742,근흥태양광,1.95615,충남,충남 태안군 근흥면
29850,서민행복7호태양광,0.498,충남,충남 태안군 안면읍
53397,벽산홍성태양광,1.49796,충남,충남 홍성군 갈산면
941,보령솔라팜태양광,3.6036,충남,충남 보령시 성주면
43376,영희2호태양광,1.77471,충남,충남 태안군 근흥면
2530,태안솔라뱅크태양광,1.481,충남,충남 태안군 태안읍
861,경완솔라팜태양광,0.998,충남,충남 태안군 안면읍
4723,한빛궁포리발전기,1.59651,충남,충남 보령시 천북면
41473,엠에스솔라 태양광,0.4977,충남,충남 서천군 서면
41998,연주 태양광발전소,1.49688,충남,충남 당진시 정미면
55340,조양10호태양광,0.69377,충남,충남 보령시 청라면
55799,주광태양광,0.09936,충남,충남 서천군 종천면
72547,휴코에너지1호 당진태양광발전소,1.2992,충남,충남 당진시 정미면
48576,월림산태양광발전소,0.99495,충남,충남 홍성군 광천읍
56139,솔라텍스에너지 천안발전소,1.99584,충남,충남 천안시 동남구
40414,봉성리태양광,0.61758,충남,충남 당진시 정미면
40663,에스에스태양광발전소,0.09975,충남,충남 홍성군 광천읍
54644,제석태양광발전소01호,0.09996,충남,충남 보령시 남포면
18166,동부당진솔라태양광,3,충남,충남 당진시 송악읍
13424,드림팜A태양광발전소,0.42228,충남,충남 금산군 남이면
48635,보령선에너지1호 태양광,0.99792,충남,충남 보령시 천북면
13455,전원솔라태양광발전,2.99376,충남,충남 서산시 고북면
4602,강산솔라태양광발전,2.99376,충남,충남 서산시 고북면
25287,보령에너지태양광발전소,0.09975,충남,충남 홍성군 결성면
57254,보령화력태양광#4,0.427,충남,충남 보령시 오천면
56261,왓츠1호태양광,0.49896,충남,충남 부여군 홍산면
17024,덕암7호태양광,0.09828,충남,충남 논산시 연산면
56056,무지개 태양광,0.49536,충남,충남 공주시 계룡면
56256,오지쏠라에너지발전기,0.43216,충남,충남 서산시 대산읍
56468,한길 태양광발전소,1.80909,충남,충남 당진시 고대면
55992,대창태양광,2.50128,충남,충남 보령시 웅천읍
4604,귀뚜라미 아산 태양광발전소 1호,2.90925,충남,충남 아산시 탕정면
2514,탑인프라창기태양광,2.914,충남,충남 태안군 안면읍
44987,교성리태양광,2.00124,충남,충남 보령시 오천면
29868,태안부지 태양광 2단계(건축물),1.72056,충남,충남 태안군 원북면
1611,성운2호태양광,0.39591,충남,충남 보령시 성주면
63002,태양사태양광,0.397,충남,충남 예산군 삽교읍
48581,굿파워예산3호태양광,0.0992,충남,충남 예산군 신암면
16503,대한태양광,2.021,충남,충남 당진시 석문면
39183,아찬리 태양광발전소 1호,0.09936,충남,충남 당진시 순성면
11140,길현태양광발전소(PV),0.09792,충남,충남 서천군 한산면
60467,청소 세기1호 태양광발전소,0.9984,충남,충남 보령시 청소면
1959,열린에너지2호태양광,1.49544,충남,충남 태안군 소원면
2767,현마산업태양광,0.999,충남,충남 아산시 인주면
2364,지티씨솔라6호,1.998,충남,충남 아산시 영인면
1646,당진L_S1기태양광,0.9801,충남,충남 당진시 송악읍
71471,화성태양광c,0.09936,충남,충남 서천군 종천면
44132,OCI스페셜티 태양광,0.72708,충남,충남 공주시 탄천면
56339,영전6호태양광발전소,0.09911,충남,충남 태안군 소원면
9552,창성에너지태양광,0.95256,충남,충남 천안시 동남구
4706,KCC 대죽1공장 석고보드3호기 태양광 발전소,5.5827,충남,충남 서산시 대산읍
21844,목곡16호태양광발전소,0.09828,충남,충남 논산시 가야곡면
2056,우진2호태양광,1.95048,충남,충남 태안군 근흥면
1452,부여에너지팜태양광,3.005,충남,충남 부여군 세도면
11887,점리태양광발전소일호,0.99864,충남,충남 부여군 임천면
42995,영전12호태양광발전소,0.09911,충남,충남 태안군 소원면
41254,에프앤씨문백태양광발전소,1.8315,충남,충남 진천군 문백면
62893,태안솔라팜태양광,1.6,충남,충남 태안군 소원면
42994,영전11호태양광발전소,0.09911,충남,충남 태안군 소원면
43739,아산시스템즈태양광,2.506,충남,충남 아산시 둔포면
61818,케드코에너지태양광,1.498,충남,충남 태안군 원북면
30804,선(SUN)1에너지1호,0.4968,충남,충남 금산군 부리면
57667,지산2호 태양광,0.1,충남,충남 논산시 부적면
67878,해미솔라태양광#1,4.5,충남,충남 서산시 해미면
42998,영전4호태양광발전소,0.09911,충남,충남 태안군 소원면
22771,추계리태양광발전소1호,2.00736,충남,충남 공주시 유구읍
45546,용성솔라에너지태양광,6.669,충남,충남 서산시 고북면
113,(유)금일에너지,1.403625,충남,충남 홍성군 홍성읍
41495,엠에이2호에너지,0.099,충남,충남 논산시 가야곡면
4681,백현태양광발전소,0.89244,충남,충남 홍성군 은하면
1861,음암태양광,1.176,충남,충남 서산시 음암면
15345,대산에너지태양광,9,충남,충남 서산시 대산읍
55341,조양11호태양광,0.0988,충남,충남 보령시 청라면
48655,세광에너지 태양광,0.99792,충남,충남 보령시 천북면
2567,티에스에너지5호태양광,1.747,충남,충남 당진시 석문면
68609,해피2호태양광발전소,0.09918,충남,충남 금산군 금성면
49935,의령솔라태양광,0.497,충남,충남 서천군 서면
21847,목곡2호태양광발전소,0.09828,충남,충남 논산시 가야곡면
49422,당진JH태양광발전소,1.60308,충남,충남 당진시 정미면
1260,동양제6태양광,2.004,충남,충남 태안군 안면읍
35115,보령정수장태양광,0.295,충남,충남 보령시
61774,카이로스에너지태양광,8.894,충남,충남 당진시 신평면
62094,한국그린2호 태양광발전소,0.86832,충남,충남 금산군 진산면
58417,진말태양광,0.4977,충남,충남 서천군 서면
55974,그린1 태양광발전소,1.39672,충북,충북 청주시 청원구 북이면
56018,디엔피아태양광,1.49661,충북,충북 보은군 수한면
39028,아성2호태양광발전소,0.09911,충북,충북 괴산군 소수면
901,광일태양광,1.99872,충북,충북 제천시 봉양읍
61926,서울전선태양광,0.795,충북,충북 음성군 삼성면
56205,에스에이치태양광발전소,1.9584,충북,충북 보은군 산외면
62536,태광쏠라괴산태양광,1,충북,충북 괴산군 감물면
44464,서오창2호태양광,1.77156,충북,충북 청주시 청원구 오창읍
39025,아성16호태양광발전소,0.09911,충북,충북 괴산군 소수면
39022,아성10호태양광발전소,0.09911,충북,충북 괴산군 소수면
138,네모2태양광발전소,0.498225,충북,충북 보은군 회인면
61449,충북태양광16호,1.464,충북,충북 청주시 내수읍
56367,지티씨솔라7호,1.29402,충북,충북 단양군 적성면
44465,서오창1호태양광,2.74284,충북,충북 청주시 청원구
1749,신영태양광,0.98496,충북,충북 충주시 주덕읍
39032,아성7호태양광발전소,0.09911,충북,충북 괴산군 소수면
58971,진천삼채나라태양광,1.985625,충북,충북 진천군 덕산면
2311,주덕대곡발전소,0.0972,충북,충북 충주시 주덕읍
61918,케이에스솔라#15,0.099,충북,충북 진천군 진천읍
570,주덕태양광,0.99328,충북,충북 충주시 주덕읍
65905,소수 수상태양광발전소,2.00736,충북,충북 괴산군 소수면
57863,지에스중발전,2.57076,충북,충북 제천시 금성면
57263,중부솔라발전,0.975,충북,충북 증평군 증평읍
21114,매포태양광,1.97532,충북,충북 단양군 매포읍
39034,아성9호태양광발전소,0.09911,충북,충북 괴산군 소수면
56441,오창저수지 수상2호태양광발전기,2.50648,충북,충북 청주시 청원구
21664,명환 태양광발전소,0.098855,충북,충북 청주시 흥덕구 강내면
64845,아성3호태양광발전소,0.09911,충북,충북 괴산군 소수면
4629,삼익악기 음성태양광발전소,2.997,충북,충북 음성군 소이면
56341,아성15호태양광발전소,0.09911,충북,충북 괴산군 소수면
35111,청주정수장태양광,0.379,충북,충북 청주시
2647,단양태양광,1.9899,충북,충북 단양군 적성면
61569,W-SCOPE 2공장 태양광발전소,0.61758,충북,충북 청주시 청원구
12213,낙원태양광,0.09,충북,충북 단양군 어상천면
48596,용곡1태양광발전소,2.01576,충북,충북 청주시 상당구
50607,이오태양광,0.99693,충북,충북 괴산군 청천면
4717,팜스코태양광#3,2.496,충북,충북 증평군 도안면
33969,덕은1호 태양광발전소,0.99698,충북,충북 충주시 소태면
46660,우진플라임1호태양광,1.37237,충북,충북 보은군 정언면
1069,다니엘영동태양광,2.994,충북,충북 영동군 용화면
65010,하나태양광,0.0994,충북,충북 충주시 금가면
39029,아성4호태양광발전소,0.09911,충북,충북 괴산군 소수면
65558,적암1호태양광,0.5,충북,충북 보은군 마로면
7934,사곡태양광b,2.106,충북,충북 진천군 이월면
68350,탑프라 태양광발전소,1.1169,충북,충북 음성군 맹동면
41408,Gridsol태양광,2.041,충북,충북 청주시 흥덕구
39023,아성12호태양광발전소,0.09911,충북,충북 괴산군 소수면
2467,KGC예본태양광,0.991,충북,충북 충주시 가주농공2길
21113,수한태양광,1.79694,충북,충북 보은군 수한면
1655,사당태양광,0.949,충북,충북 진천군 이월면
63053,태양전기종묘태양광,0.099,충북,충북 청주시 흥덕구
21284,명문에너지태양광,0.821,충북,충북 제천시 대학로
1647,충주특수강1기태양광,1.0098,충북,충북 충주시 충주산단2로
65874,농어촌괴산태양광,0.522,충북,충북 괴산군
1803,아침태양광,2.9952,충북,충북 괴산군 소수면
137,네모4태양광발전소,0.498225,충북,충북 보은군 회인면
2834,다니엘윈체태양광,0.4836,충북,충북 충주시 산척면
48626,용곡4태양광발전소,0.4995,충북,충북 청주시 상당구
1078,골드파크태양광,0.09792,충북,충북 청주시 청원구
46642,우진3호태양광발전소,0.09975,충북,충북 옥천군 청산면
140,(유)네모8태양광,1.51708,충북,충북 보은군 보은읍
39031,아성6호태양광발전소,0.09911,충북,충북 괴산군 소수면
57260,보은2호 발전소,0.19404,충북,충북 보은군 수한면
19942,라온하제 태양광,0.09936,충북,충북 충주시 소태면
63343,태지태양광,0.09912,충북,충북 충주시 금가면
936,추풍령저수지태양광,2.004,충북,충북 영동군 추풍령
49608,은주태양광,0.0972,충북,충북 충주시 주덕읍
6258,한미전선태양광,1.299,충북,충북 진천군 이월면
46659,우진플라임2호태양광,2.67995,충북,충북 보은군 정언면
2307,BC옥천태양광,1.498,충북,충북 옥천군 안내면
33153,세종태양광발전소,0.099,충북,충북 증평군 도안면
61567,W-SCOPE태양광,0.61983,충북,충북 청주시 청원구
21285,명문에너지2호태양광,0.417,충북,충북 제천시 세명로
34413,송정제일태양광발전소,0.49896,충북,충북 증평군 도안면
35125,청풍호수상태양광2호,0.2016,충북,충북 제천시 한수면
56411,괴산군조합공동법인 태양광,0.416,충북,충북 괴산군 문광면
141,네모12태양광발전소,1.82484,충북,충북 청주시 상당구
56212,에스엠이2호 태양광,1.99728,충북,충북 영동군 영동읍
66186,한마음발전태양광,1.99584,충북,충북 영동군 용화면
40262,어암태양광,0.294975,충북,충북 청주시 상당구
40883,충북증평태양광,0.993,충북,충북 증평군 증평음
1940,엠아이씨태양광,1.99584,충북,충북 청주시 상당구
2140,이레태양광c,1.954055,충북,충북 옥천군 청산면
65559,적암2호태양광,0.8,충북,충북 보은군 마로면
136,네모1태양광발전소,0.498225,충북,충북 보은군 회인면
31055,선애태양광,0.099,충북,충북 제천시 대랑동
48629,용곡2태양광발전기,0.99678,충북,충북 청주시 상당구
39027,아성1호태양광발전소,0.09911,충북,충북 괴산군 소수면
1744,신세계태양광,2.0196,충북,충북 단양군 어상천면
41176,사담리태양광발전소1호,2.00124,충북,충북 괴산군 사리면
13425,티에스솔루션태양광,0.996,충북,충북 옥천군 청산면
65560,적암3호태양광,0.9996,충북,충북 보은군 마로면
56234,엘케이에너지태양광,1.99584,충북,충북 청주시 상당구
33070,용곡3태양광발전기,0.4995,충북,충북 청주시 상당구
4651,아성11호태양광발전소,0.09911,충북,충북 괴산군 소수면
46643,우진4호태양광발전소,0.098825,충북,충북 옥천군 청산면
39024,아성14호태양광발전소,0.09911,충북,충북 괴산군 소수면
39030,아성5호태양광발전소,0.09911,충북,충북 괴산군 소수면
56021,디케이에너지1발전기,2.05128,충북,충북 청주시 청원구
57770,지셀태양광4호,0.9,충북,충북 청주시 상당구
54708,아성13호태양광발전소,0.09911,충북,충북 괴산군 소수면
2413,청산에너지태양광,2.336,충북,충북 옥천군 청산면
41377,엘림태양광,0.99693,충북,충북 괴산군 청천면
39026,아성17호태양광발전소,0.09911,충북,충북 괴산군 소수면
39033,아성8호태양광발전소,0.09911,충북,충북 괴산군 소수면
56020,디케이에너지2발전기,2.01132,충북,충북 청주시 청원구
66183,한마음발전1태양광,1.99584,충북,충북 영동군 용산면
69821,현대음성태양광,0.531,충북,충북 음성군
49955,의성발전태양광,0.999075,충북,충북 청주시 서원구
61917,케이에스솔라#14,0.382,충북,충북 진천군 광혜원면
48741,만월태양광발전소,0.99684,충북,충북 옥천군 청산면
13975,다성태양광,1.15056,충북,충북 충주시 신니면
2458,케이원태양발전소,1.60344,충북,충북 충주시 신니면
139,네모5태양광발전소,0.396025,충북,충북 보은군 회인면
71735,사담리태양광발전소2호,2.00124,충북,충북 괴산군 사리면
49909,음성장수태양광발전소,0.4947,충북,충북 음성군 소이면
10151,금빛에너지태양광,0.58032,충북,충북 제천시 송학면
1648,충주특수강2기태양광,1.00386,충북,충북 충주시 충주산단1로
61566,코스모링크태양광,1.18932,충북,충북 옥천군 이원면
46105,우리에너지(주)영동공수태양광#1,1.4994,충북,충북 영동군 매곡면
61564,승일음성태양광,0.8856,충북,충북 음성군 원남면
